Movie_ID,Movie_Title,Release_Year,Genre,Language,Certification,Production_Company,Budget_Million_USD,Marketing_Million_USD,Runtime_Minutes,IMDb_Rating,IMDb_Votes,Theater_Count,Opening_Weekend_Million_USD,Is_Sequel,Is_Franchise,Box_Office_Revenue_Million_USD
M1001,Movie_0001,2018,Drama,English,U,CineStar,29.25,12.62,141,6.6,65587,4107,85.12,0,0,462.43
M1002,Movie_0002,2015,Romance,English,UA,DreamWorks India,65.21,7.91,139,6.7,23822,2711,180.11,0,0,695.05
M1003,Movie_0003,2024,Comedy,English,UA,Nova Entertainment,27.4,5.44,111,6.9,27268,1636,65.1,0,0,513.59
M1004,Movie_0004,2022,Action,English,UA,Prime Motion,13.92,5.98,148,7.0,4101,300,20.52,0,1,335.04
M1005,Movie_0005,2019,Sci-Fi,Tamil,U,Global Pictures,15.62,2.76,118,6.7,5481,2648,58.98,1,0,527.35
M1006,Movie_0006,2024,Action,English,UA,Prime Motion,46.43,7.31,143,7.0,204108,997,103.81,0,0,581.28
M1007,Movie_0007,2016,Romance,English,PG-13,DreamWorks India,53.28,16.42,135,8.2,6671,1352,70.37,0,0,476.61
M1008,Movie_0008,2018,Action,Tamil,PG-13,DreamWorks India,25.0,10.11,161,7.7,168384,1641,41.46,0,0,363.34
M1009,Movie_0009,2021,Thriller,Hindi,R,Global Pictures,68.15,18.91,124,7.6,12964,3854,104.02,0,0,661.98
M1010,Movie_0010,2014,Action,English,U,BlueSky Films,15.28,6.85,122,6.4,18055,2210,55.05,0,1,458.77
M1011,Movie_0011,2018,Drama,Tamil,R,Global Pictures,43.11,14.83,128,6.0,76352,2035,128.79,0,0,578.81
M1012,Movie_0012,2022,Drama,English,UA,DreamWorks India,20.48,2.96,123,7.7,100225,2034,54.48,0,1,381.22
M1013,Movie_0013,2022,Comedy,English,R,Alpha Studios,29.46,13.19,142,7.6,15498,1492,90.53,0,0,516.61
M1014,Movie_0014,2019,Comedy,Spanish,UA,Global Pictures,46.41,11.82,99,8.1,10657,2343,57.83,0,0,524.98
M1015,Movie_0015,2016,Drama,Spanish,UA,BlueSky Films,25.72,5.53,109,6.3,16691,1970,66.06,1,1,448.68
M1016,Movie_0016,2015,Animation,English,UA,Global Pictures,35.05,10.66,109,6.6,28406,2885,107.62,0,1,616.17
M1017,Movie_0017,2019,Comedy,English,UA,Global Pictures,86.55,19.08,145,5.3,59957,3615,152.49,0,1,764.01
M1018,Movie_0018,2019,Comedy,English,PG-13,CineStar,30.93,4.59,159,6.4,18103,2407,104.05,0,0,547.15
M1019,Movie_0019,2014,Drama,English,PG-13,CineStar,77.47,9.33,126,7.7,41507,2146,113.04,0,1,665.16
M1020,Movie_0020,2017,Adventure,English,R,DreamWorks India,21.59,5.79,125,6.4,164376,2386,76.1,0,1,407.86
M1021,Movie_0021,2016,Fantasy,English,A,DreamWorks India,63.5,25.16,129,7.4,30118,2307,177.28,0,1,799.36
M1022,Movie_0022,2013,Drama,Spanish,UA,Prime Motion,114.86,35.47,149,6.6,27415,1549,266.72,0,0,1000.0
M1023,Movie_0023,2019,Adventure,Korean,U,Global Pictures,9.03,4.06,111,7.1,2316,1229,29.0,1,0,344.47
M1024,Movie_0024,2023,Drama,English,R,Alpha Studios,26.81,5.75,132,5.8,516,1999,52.24,0,1,339.45
M1025,Movie_0025,2025,Thriller,Hindi,A,Nova Entertainment,65.48,13.92,146,6.9,30407,3316,132.03,0,0,721.95
M1026,Movie_0026,2017,Action,English,PG-13,DreamWorks India,39.44,6.81,137,4.1,15837,1968,78.28,1,0,462.51
M1027,Movie_0027,2013,Horror,English,UA,Global Pictures,57.28,9.97,131,6.6,8983,1180,130.48,0,0,592.89
M1028,Movie_0028,2023,Drama,English,UA,Global Pictures,30.39,6.51,146,5.3,25006,2040,71.18,0,0,416.94
M1029,Movie_0029,2016,Adventure,Telugu,R,Nova Entertainment,47.61,18.17,80,7.9,16590,2334,135.83,0,0,752.36
M1030,Movie_0030,2012,Sci-Fi,English,UA,Global Pictures,40.67,17.04,140,7.5,82506,2308,63.99,0,0,583.64
M1031,Movie_0031,2023,Comedy,Korean,UA,Nova Entertainment,96.13,42.47,116,7.2,20218,3660,241.37,1,1,1000.0
M1032,Movie_0032,2021,Animation,Hindi,UA,Nova Entertainment,53.09,10.44,95,8.2,6566,3248,164.37,0,0,815.92
M1033,Movie_0033,2017,Sci-Fi,English,PG-13,Prime Motion,56.04,23.02,137,5.9,68517,1759,142.04,1,0,690.2
M1034,Movie_0034,2024,Horror,English,U,Global Pictures,34.43,7.86,153,8.4,13426,1538,46.64,1,0,415.39
M1035,Movie_0035,2023,Thriller,Hindi,U,Prime Motion,32.78,5.15,126,7.6,36642,1167,46.87,1,0,386.15
M1036,Movie_0036,2020,Horror,Korean,UA,Global Pictures,33.97,13.83,145,6.6,9448,2636,45.08,1,0,424.17
M1037,Movie_0037,2012,Romance,Telugu,UA,CineStar,58.15,19.19,157,7.8,7486,3735,160.79,0,0,724.16
M1038,Movie_0038,2022,Sci-Fi,English,UA,Nova Entertainment,34.23,5.97,152,5.8,20166,1789,75.74,0,0,534.96
M1039,Movie_0039,2022,Action,Hindi,U,BlueSky Films,54.33,14.23,158,6.1,18314,2078,151.13,0,1,732.51
M1040,Movie_0040,2021,Sci-Fi,English,R,Nova Entertainment,173.41,37.25,141,6.3,34402,4931,309.43,0,0,1000.0
M1041,Movie_0041,2023,Horror,Spanish,R,BlueSky Films,79.27,28.79,129,6.3,12524,3058,128.3,1,0,748.64
M1042,Movie_0042,2023,Action,Telugu,UA,Global Pictures,36.41,9.82,99,5.8,1508,2458,85.97,0,0,521.92
M1043,Movie_0043,2025,Drama,Hindi,PG-13,DreamWorks India,98.24,43.86,124,7.9,10035,1371,248.65,1,0,1000.0
M1044,Movie_0044,2025,Action,English,A,Alpha Studios,34.52,4.77,113,6.6,52563,2630,94.81,1,0,592.53
M1045,Movie_0045,2025,Romance,Hindi,UA,Prime Motion,11.96,2.84,167,7.1,12048,979,31.49,1,1,425.5
M1046,Movie_0046,2014,Drama,English,UA,Global Pictures,23.37,6.52,125,6.3,12906,1001,45.92,1,0,345.05
M1047,Movie_0047,2023,Fantasy,English,UA,Alpha Studios,13.34,3.82,130,5.2,68168,1393,41.09,0,0,363.51
M1048,Movie_0048,2018,Adventure,English,UA,CineStar,35.81,8.03,138,7.0,6884,1579,96.69,0,0,540.33
M1049,Movie_0049,2015,Horror,Spanish,UA,BlueSky Films,45.54,16.42,129,5.1,2242,2006,100.3,0,0,546.1
M1050,Movie_0050,2020,Adventure,Hindi,PG-13,Prime Motion,133.8,54.68,159,6.7,14490,1185,180.27,0,1,1000.0
M1051,Movie_0051,2014,Horror,English,UA,CineStar,55.65,23.92,117,5.6,9362,3230,101.1,0,0,613.11
M1052,Movie_0052,2016,Romance,Korean,PG-13,DreamWorks India,39.03,15.05,132,8.6,4883,3102,68.52,1,0,552.37
M1053,Movie_0053,2014,Romance,English,UA,DreamWorks India,77.15,30.91,115,7.6,14205,511,164.38,1,0,762.28
M1054,Movie_0054,2018,Sci-Fi,English,UA,Nova Entertainment,10.69,3.23,104,6.9,34949,2150,30.9,0,0,438.09
M1055,Movie_0055,2016,Thriller,English,UA,Prime Motion,52.45,20.59,117,7.9,17775,1527,76.31,0,0,496.82
M1056,Movie_0056,2020,Action,Hindi,UA,Prime Motion,74.27,16.35,127,6.0,27242,3367,143.75,0,0,791.57
M1057,Movie_0057,2018,Comedy,English,PG-13,Prime Motion,17.21,4.33,120,7.3,208194,1681,48.68,0,1,381.61
M1058,Movie_0058,2013,Romance,English,PG-13,Global Pictures,94.64,21.25,116,7.0,11330,2680,159.3,0,0,827.32
M1059,Movie_0059,2015,Drama,Telugu,UA,Nova Entertainment,56.07,15.38,103,7.0,26210,2148,131.54,0,0,720.8
M1060,Movie_0060,2020,Adventure,English,PG-13,DreamWorks India,34.35,7.36,127,7.9,9051,3076,43.16,0,0,495.39
M1061,Movie_0061,2023,Drama,Tamil,R,DreamWorks India,67.9,29.69,101,7.5,5741,1201,82.7,0,1,596.08
M1062,Movie_0062,2025,Comedy,English,A,Nova Entertainment,196.88,43.95,142,7.1,8172,3972,340.6,0,0,1000.0
M1063,Movie_0063,2013,Comedy,Tamil,U,CineStar,50.65,7.72,129,5.3,9431,3286,106.5,0,1,579.65
M1064,Movie_0064,2021,Sci-Fi,Hindi,PG-13,Alpha Studios,52.88,15.54,102,5.9,29243,2961,108.77,0,1,712.7
M1065,Movie_0065,2020,Comedy,Hindi,U,BlueSky Films,33.38,4.64,122,6.7,429071,3983,72.79,0,1,557.37
M1066,Movie_0066,2021,Action,English,R,DreamWorks India,25.9,4.05,114,6.9,6846,1501,63.35,0,0,377.18
M1067,Movie_0067,2016,Action,Hindi,UA,Nova Entertainment,77.2,14.85,134,5.8,10256,3503,179.43,1,0,936.13
M1068,Movie_0068,2013,Thriller,English,UA,DreamWorks India,25.8,7.05,152,9.0,16529,1831,46.13,0,0,457.38
M1069,Movie_0069,2015,Fantasy,Korean,U,CineStar,47.14,12.4,94,8.2,30713,3348,61.35,0,0,522.41
M1070,Movie_0070,2023,Romance,English,UA,Prime Motion,32.99,12.66,130,7.3,25691,2029,100.62,1,0,608.56
M1071,Movie_0071,2023,Comedy,English,R,Prime Motion,61.44,22.36,125,6.9,101890,2000,130.79,0,0,635.2
M1072,Movie_0072,2018,Thriller,Hindi,U,BlueSky Films,55.9,14.57,140,6.6,680,3563,108.24,1,1,705.0
M1073,Movie_0073,2023,Horror,Telugu,UA,Prime Motion,88.33,20.33,132,5.9,717,2080,197.74,0,0,873.53
M1074,Movie_0074,2024,Sci-Fi,English,R,Prime Motion,32.3,7.25,114,6.9,9215,854,76.73,0,0,538.03
M1075,Movie_0075,2019,Sci-Fi,Spanish,UA,CineStar,37.76,14.18,122,7.0,79180,1660,90.62,0,0,586.31
M1076,Movie_0076,2014,Comedy,Spanish,UA,Alpha Studios,23.82,3.27,114,5.7,2174,2351,50.68,0,0,310.63
M1077,Movie_0077,2025,Drama,Hindi,A,CineStar,33.71,4.19,147,7.1,500,3212,68.98,0,0,490.15
M1078,Movie_0078,2012,Adventure,English,UA,BlueSky Films,57.51,22.0,128,6.7,38918,2445,66.3,0,0,540.57
M1079,Movie_0079,2015,Animation,Telugu,UA,Prime Motion,73.6,20.42,162,5.1,25010,3829,194.11,0,0,881.57
M1080,Movie_0080,2013,Sci-Fi,English,U,BlueSky Films,24.71,4.03,127,6.0,4131,841,51.21,0,0,378.23
M1081,Movie_0081,2019,Thriller,English,A,DreamWorks India,79.19,15.66,115,6.4,4758,2074,111.51,0,1,658.76
M1082,Movie_0082,2015,Romance,Spanish,R,Alpha Studios,108.62,46.46,101,8.5,4860,2418,284.95,0,0,1000.0
M1083,Movie_0083,2013,Drama,Spanish,U,Global Pictures,58.87,23.76,96,7.3,20896,2242,168.71,0,1,811.8
M1084,Movie_0084,2025,Action,Spanish,UA,DreamWorks India,152.41,53.99,99,5.6,7727,3087,420.1,0,0,1000.0
M1085,Movie_0085,2017,Action,English,UA,Prime Motion,27.21,7.6,133,7.2,35070,2488,73.15,0,0,466.29
M1086,Movie_0086,2017,Comedy,English,PG-13,Nova Entertainment,20.04,5.85,137,5.4,500,1470,56.15,1,0,323.09
M1087,Movie_0087,2021,Drama,English,UA,CineStar,14.16,6.26,100,7.8,5661,1741,40.71,0,0,377.84
M1088,Movie_0088,2015,Horror,English,R,CineStar,119.0,52.2,144,6.4,3936,2753,282.69,0,0,1000.0
M1089,Movie_0089,2017,Action,English,U,BlueSky Films,68.85,13.15,119,6.7,12734,1520,160.14,0,0,717.95
M1090,Movie_0090,2024,Fantasy,English,R,Nova Entertainment,43.4,16.83,131,8.0,8705,2078,61.21,0,0,566.37
M1091,Movie_0091,2013,Comedy,Hindi,A,BlueSky Films,53.98,9.99,157,5.6,52850,2167,72.84,1,0,529.05
M1092,Movie_0092,2021,Sci-Fi,Telugu,PG-13,Nova Entertainment,21.65,4.12,144,5.5,1462,1708,67.52,0,1,478.39
M1093,Movie_0093,2023,Drama,Telugu,UA,BlueSky Films,220.61,75.69,123,6.3,19140,3316,340.28,0,0,1000.0
M1094,Movie_0094,2013,Action,Tamil,PG-13,Global Pictures,48.94,12.41,112,7.7,38249,2316,135.44,0,0,638.34
M1095,Movie_0095,2021,Sci-Fi,English,UA,Global Pictures,48.32,20.65,89,5.4,220709,1843,57.57,1,0,559.54
M1096,Movie_0096,2025,Romance,English,U,DreamWorks India,72.13,10.77,115,4.3,9393,3764,89.81,0,0,571.59
M1097,Movie_0097,2015,Drama,Tamil,UA,Global Pictures,61.52,17.77,124,6.4,27893,1240,113.15,1,0,652.25
M1098,Movie_0098,2025,Drama,English,R,Nova Entertainment,52.05,22.02,110,7.3,1576,1608,75.63,1,0,548.16
M1099,Movie_0099,2019,Action,Hindi,PG-13,BlueSky Films,26.92,11.26,126,7.9,712,4135,75.56,0,0,536.7
M1100,Movie_0100,2025,Horror,English,UA,Nova Entertainment,61.14,10.49,129,6.4,56306,1366,113.2,1,1,673.6
M1101,Movie_0101,2018,Thriller,English,A,DreamWorks India,152.93,36.85,124,6.4,17865,1332,167.6,0,0,1000.0
M1102,Movie_0102,2023,Action,Hindi,U,DreamWorks India,107.9,34.99,116,7.8,88355,3560,148.43,1,0,907.72
M1103,Movie_0103,2020,Animation,Korean,PG-13,Prime Motion,126.75,21.88,131,5.1,2818,428,195.52,0,0,937.23
M1104,Movie_0104,2025,Thriller,Spanish,PG-13,Alpha Studios,32.28,14.18,136,6.5,36315,1829,68.02,0,0,521.87
M1105,Movie_0105,2019,Animation,English,PG-13,Global Pictures,23.65,9.98,108,7.0,224365,3517,85.37,0,0,613.13
M1106,Movie_0106,2016,Horror,English,UA,CineStar,41.47,7.26,153,7.2,31720,793,71.68,1,0,478.78
M1107,Movie_0107,2024,Drama,Tamil,R,CineStar,46.66,7.46,126,6.3,26147,420,52.43,0,0,369.2
M1108,Movie_0108,2013,Drama,English,R,Alpha Studios,91.64,13.58,128,6.8,18209,1016,154.82,0,0,696.09
M1109,Movie_0109,2016,Comedy,English,A,BlueSky Films,14.98,6.29,141,4.6,2159,2285,32.54,0,0,222.64
M1110,Movie_0110,2019,Animation,Korean,UA,Alpha Studios,121.62,22.36,132,6.2,112212,4118,149.77,0,0,1000.0
M1111,Movie_0111,2021,Action,Tamil,A,BlueSky Films,40.61,10.45,145,7.2,7890,1694,59.8,0,0,464.74
M1112,Movie_0112,2020,Romance,Korean,A,Global Pictures,34.1,9.14,133,5.9,35567,2626,106.71,0,0,552.77
M1113,Movie_0113,2023,Romance,English,UA,Global Pictures,23.31,7.4,117,6.9,2182,2927,89.88,0,0,510.22
M1114,Movie_0114,2023,Horror,English,UA,DreamWorks India,15.35,2.21,135,7.2,3662,2910,43.88,0,0,426.4
M1115,Movie_0115,2023,Horror,Tamil,UA,DreamWorks India,76.84,14.97,107,6.5,124928,2261,123.86,0,1,725.43
M1116,Movie_0116,2024,Animation,English,A,DreamWorks India,47.2,20.17,130,7.0,11262,300,71.8,0,1,543.46
M1117,Movie_0117,2020,Action,Tamil,UA,DreamWorks India,19.46,8.17,127,5.9,128033,1184,43.34,0,0,411.82
M1118,Movie_0118,2024,Sci-Fi,English,UA,CineStar,19.39,7.33,124,6.6,16195,1471,51.96,1,0,387.24
M1119,Movie_0119,2024,Drama,Tamil,PG-13,Prime Motion,36.18,4.57,126,7.3,1497,1862,95.82,0,0,562.54
M1120,Movie_0120,2012,Animation,Hindi,UA,DreamWorks India,133.16,30.35,94,6.9,60019,2663,160.38,1,0,1000.0
M1121,Movie_0121,2020,Action,English,U,DreamWorks India,38.01,12.44,118,6.3,8117,3074,52.65,1,0,502.42
M1122,Movie_0122,2018,Action,English,UA,DreamWorks India,16.94,3.57,130,7.0,46228,2621,50.0,0,0,381.15
M1123,Movie_0123,2020,Comedy,Hindi,R,BlueSky Films,38.36,16.12,131,7.4,18623,1965,94.88,0,0,571.41
M1124,Movie_0124,2019,Sci-Fi,Hindi,PG-13,Nova Entertainment,37.69,12.41,110,5.0,2241,3050,105.04,1,0,605.54
M1125,Movie_0125,2012,Thriller,English,UA,DreamWorks India,7.8,1.12,151,7.8,22469,1627,34.32,0,0,322.07
M1126,Movie_0126,2023,Thriller,Korean,R,Alpha Studios,43.44,18.24,112,6.5,349070,2238,119.41,0,0,635.2
M1127,Movie_0127,2019,Thriller,English,U,DreamWorks India,38.73,16.89,145,7.2,35019,2904,106.91,0,0,574.31
M1128,Movie_0128,2019,Thriller,English,R,DreamWorks India,70.75,10.3,136,7.9,16655,2536,189.83,0,0,839.25
M1129,Movie_0129,2022,Drama,English,UA,CineStar,149.68,44.26,116,5.6,76867,5472,437.95,1,0,1000.0
M1130,Movie_0130,2014,Adventure,Spanish,U,Nova Entertainment,93.59,20.6,160,6.2,23921,1087,224.17,0,0,881.62
M1131,Movie_0131,2012,Sci-Fi,English,UA,DreamWorks India,37.78,9.43,107,6.5,23884,1662,68.77,0,0,498.12
M1132,Movie_0132,2019,Adventure,English,UA,Nova Entertainment,21.92,3.93,145,6.1,4123,1742,44.09,0,0,420.27
M1133,Movie_0133,2014,Animation,Tamil,UA,BlueSky Films,239.69,74.49,146,8.4,24681,3943,445.62,0,1,1000.0
M1134,Movie_0134,2014,Adventure,English,PG-13,Global Pictures,46.77,20.4,116,6.0,72836,3373,100.19,0,0,597.75
M1135,Movie_0135,2012,Drama,English,PG-13,Nova Entertainment,45.41,12.99,153,6.3,5822,2182,131.76,0,0,614.68
M1136,Movie_0136,2022,Comedy,English,UA,Nova Entertainment,44.3,6.53,123,7.0,123154,916,53.67,1,0,466.63
M1137,Movie_0137,2016,Action,Telugu,UA,DreamWorks India,51.18,16.61,133,5.7,15903,3055,106.59,0,0,602.83
M1138,Movie_0138,2021,Comedy,Hindi,U,Prime Motion,40.97,9.52,133,6.4,5429,2812,116.09,1,0,633.04
M1139,Movie_0139,2018,Thriller,Korean,U,DreamWorks India,30.99,12.47,126,7.1,69212,412,40.46,0,0,389.29
M1140,Movie_0140,2021,Drama,Korean,A,DreamWorks India,31.54,8.31,143,6.5,12221,2009,64.05,0,0,375.09
M1141,Movie_0141,2020,Thriller,Hindi,U,CineStar,44.05,8.09,142,6.7,50185,764,73.55,0,0,485.89
M1142,Movie_0142,2023,Adventure,Telugu,PG-13,Prime Motion,31.61,5.79,97,6.3,12139,1466,72.16,0,0,493.9
M1143,Movie_0143,2018,Adventure,English,UA,Global Pictures,28.31,10.58,151,5.4,16603,1235,47.3,0,0,380.97
M1144,Movie_0144,2020,Drama,English,UA,CineStar,48.22,10.01,98,7.1,35046,2979,142.45,0,0,702.32
M1145,Movie_0145,2019,Drama,Hindi,UA,CineStar,38.13,14.23,147,8.4,26657,2211,90.54,0,0,569.32
M1146,Movie_0146,2023,Horror,Korean,UA,CineStar,119.61,22.48,148,6.8,1217,1331,293.39,1,0,1000.0
M1147,Movie_0147,2013,Sci-Fi,English,UA,Prime Motion,8.03,1.82,108,7.0,3961,1944,24.29,0,1,355.69
M1148,Movie_0148,2012,Sci-Fi,English,PG-13,BlueSky Films,91.48,25.03,121,7.4,63122,1086,129.12,0,0,753.11
M1149,Movie_0149,2018,Fantasy,English,UA,Global Pictures,101.15,43.62,108,5.7,15059,3057,149.95,0,1,897.44
M1150,Movie_0150,2018,Comedy,English,U,BlueSky Films,11.69,5.0,124,8.3,8875,1047,19.23,0,0,283.85
M1151,Movie_0151,2025,Adventure,English,PG-13,BlueSky Films,36.01,6.78,122,7.0,2875,1769,71.34,0,1,475.18
M1152,Movie_0152,2019,Drama,English,UA,Global Pictures,35.35,8.42,142,8.3,4190,2498,47.81,0,0,425.58
M1153,Movie_0153,2016,Action,English,PG-13,BlueSky Films,18.03,3.05,152,6.1,1174,2123,49.47,1,0,405.46
M1154,Movie_0154,2014,Animation,Hindi,UA,Prime Motion,27.14,7.82,153,8.4,15699,2999,84.43,1,0,678.05
M1155,Movie_0155,2023,Adventure,English,UA,Global Pictures,21.86,5.95,118,7.5,8024,1774,47.49,0,0,442.36
M1156,Movie_0156,2019,Comedy,Hindi,R,Nova Entertainment,140.56,58.65,124,7.3,4881,3291,225.47,0,0,1000.0
M1157,Movie_0157,2017,Action,Korean,PG-13,Nova Entertainment,82.67,35.29,98,7.0,16418,2102,209.12,0,0,897.04
M1158,Movie_0158,2022,Action,Spanish,U,DreamWorks India,102.84,25.36,113,6.6,29421,2906,274.39,1,0,1000.0
M1159,Movie_0159,2014,Horror,Hindi,UA,CineStar,71.93,20.31,145,7.9,303745,2918,92.35,0,1,675.28
M1160,Movie_0160,2012,Horror,English,R,Nova Entertainment,21.6,8.98,157,6.9,2338,1757,44.87,0,0,314.5
M1161,Movie_0161,2014,Romance,Spanish,U,Nova Entertainment,32.0,12.36,106,5.0,86102,529,79.77,1,1,477.79
M1162,Movie_0162,2016,Horror,Telugu,UA,BlueSky Films,61.85,7.5,117,5.8,66957,2705,80.75,0,0,533.91
M1163,Movie_0163,2025,Action,English,PG-13,Global Pictures,20.33,4.59,128,6.6,6287,2072,66.15,0,0,438.24
M1164,Movie_0164,2014,Animation,English,A,Alpha Studios,71.53,18.54,133,7.1,23682,1782,84.71,0,0,596.24
M1165,Movie_0165,2012,Action,English,PG-13,BlueSky Films,38.49,7.54,113,6.7,9704,1004,102.0,0,0,529.47
M1166,Movie_0166,2016,Sci-Fi,English,PG-13,BlueSky Films,35.27,6.56,136,7.9,23128,3319,59.77,0,0,480.32
M1167,Movie_0167,2021,Romance,English,PG-13,Prime Motion,71.43,9.46,119,5.0,138061,2965,197.81,0,0,783.89
M1168,Movie_0168,2018,Adventure,Korean,PG-13,Global Pictures,60.07,19.96,128,6.9,40769,2143,92.16,0,0,625.95
M1169,Movie_0169,2025,Comedy,English,A,Alpha Studios,35.59,7.35,138,5.2,35765,1109,70.93,0,0,438.83
M1170,Movie_0170,2018,Fantasy,Hindi,UA,Alpha Studios,95.61,13.12,128,7.5,10068,1763,107.47,1,1,750.24
M1171,Movie_0171,2022,Drama,Tamil,UA,DreamWorks India,22.29,4.37,120,6.7,2427,2829,38.89,0,0,340.58
M1172,Movie_0172,2020,Sci-Fi,Tamil,PG-13,BlueSky Films,67.16,25.83,126,7.2,13584,2568,180.75,0,1,899.04
M1173,Movie_0173,2021,Animation,Korean,R,Prime Motion,66.17,26.53,126,6.0,91770,1876,136.81,0,1,770.43
M1174,Movie_0174,2021,Adventure,Spanish,UA,CineStar,36.8,10.28,121,8.0,2290,2528,100.03,1,0,652.79
M1175,Movie_0175,2023,Sci-Fi,English,UA,Nova Entertainment,55.63,14.31,123,7.7,4331,1546,96.12,1,0,680.95
M1176,Movie_0176,2024,Romance,Spanish,R,BlueSky Films,19.95,8.83,157,7.3,21345,2897,74.62,0,0,465.76
M1177,Movie_0177,2014,Romance,Telugu,A,CineStar,82.05,15.28,138,6.7,4764,3971,169.71,0,0,846.35
M1178,Movie_0178,2018,Drama,English,UA,CineStar,39.9,7.62,123,7.3,6174,1727,111.86,1,0,560.24
M1179,Movie_0179,2012,Drama,Hindi,PG-13,Global Pictures,32.04,6.93,141,6.2,10160,1501,91.02,0,0,492.36
M1180,Movie_0180,2015,Romance,Hindi,R,BlueSky Films,88.99,15.75,122,7.6,2848,300,125.87,0,0,647.69
M1181,Movie_0181,2024,Animation,Korean,PG-13,Global Pictures,28.47,6.98,149,8.3,4832,772,71.88,1,0,544.69
M1182,Movie_0182,2015,Comedy,English,PG-13,DreamWorks India,18.01,7.58,135,7.8,46525,791,48.54,0,1,422.84
M1183,Movie_0183,2025,Thriller,Hindi,UA,CineStar,16.36,5.29,126,6.1,3081,1802,35.11,1,0,377.42
M1184,Movie_0184,2016,Animation,English,R,Alpha Studios,66.72,17.08,136,7.1,2081,2103,146.38,1,0,724.25
M1185,Movie_0185,2018,Drama,English,UA,CineStar,19.58,8.39,100,5.6,7689,803,28.91,0,1,254.32
M1186,Movie_0186,2018,Romance,English,R,DreamWorks India,140.79,19.15,108,7.3,48352,2589,334.82,1,0,1000.0
M1187,Movie_0187,2024,Fantasy,English,UA,CineStar,11.63,2.2,107,7.2,13798,1892,36.28,1,0,386.44
M1188,Movie_0188,2022,Comedy,Tamil,U,Global Pictures,135.55,41.58,131,5.1,9613,3524,157.94,0,0,928.35
M1189,Movie_0189,2024,Comedy,English,UA,BlueSky Films,51.62,16.68,159,5.8,19110,507,87.81,0,0,573.39
M1190,Movie_0190,2015,Sci-Fi,English,UA,Alpha Studios,42.26,5.62,168,6.5,1705,2052,93.35,0,0,512.41
M1191,Movie_0191,2024,Sci-Fi,English,PG-13,Global Pictures,31.58,7.99,139,6.5,35100,874,81.72,0,1,569.39
M1192,Movie_0192,2018,Romance,English,R,Nova Entertainment,58.33,19.49,137,5.7,30205,3213,164.49,1,0,723.65
M1193,Movie_0193,2022,Drama,English,PG-13,BlueSky Films,43.91,15.39,96,7.2,10358,2888,91.69,0,0,544.95
M1194,Movie_0194,2014,Comedy,English,R,Alpha Studios,92.19,30.48,118,7.0,69991,1665,109.57,0,0,645.14
M1195,Movie_0195,2017,Horror,Hindi,UA,DreamWorks India,48.47,10.94,114,6.6,3928,1538,116.16,0,0,562.39
M1196,Movie_0196,2023,Thriller,English,PG-13,CineStar,49.62,7.49,117,6.1,82520,1828,95.42,1,1,632.79
M1197,Movie_0197,2013,Thriller,English,PG-13,Alpha Studios,35.53,9.27,125,7.7,22174,300,58.72,0,1,499.09
M1198,Movie_0198,2021,Action,English,PG-13,Prime Motion,43.36,7.05,120,8.3,11427,2479,68.11,0,0,546.4
M1199,Movie_0199,2024,Comedy,Hindi,UA,Nova Entertainment,54.97,23.79,92,6.4,17523,2054,118.15,0,0,666.54
M1200,Movie_0200,2025,Drama,English,A,DreamWorks India,14.81,4.1,141,6.2,15573,2327,47.53,0,0,428.67
M1201,Movie_0201,2020,Fantasy,Hindi,PG-13,BlueSky Films,18.73,4.21,109,7.2,93480,973,43.71,0,0,419.79
M1202,Movie_0202,2016,Horror,Tamil,UA,Prime Motion,72.95,27.2,132,6.5,4207,1853,147.57,0,0,699.77
M1203,Movie_0203,2017,Comedy,Telugu,PG-13,Alpha Studios,50.29,14.3,165,6.7,6429,867,129.21,0,0,555.65
M1204,Movie_0204,2023,Action,English,R,DreamWorks India,39.93,8.88,111,7.5,72921,1257,81.18,0,1,565.05
M1205,Movie_0205,2023,Drama,Hindi,UA,BlueSky Films,45.54,17.67,82,5.1,8055,1139,70.63,1,0,438.47
M1206,Movie_0206,2023,Action,Hindi,PG-13,Prime Motion,56.41,22.91,123,8.0,60708,3276,158.92,0,1,821.83
M1207,Movie_0207,2023,Sci-Fi,English,PG-13,Prime Motion,31.68,10.84,148,6.9,178503,1439,74.91,0,0,529.9
M1208,Movie_0208,2015,Sci-Fi,Korean,PG-13,Global Pictures,27.13,3.68,163,6.4,10464,2037,45.9,0,0,454.03
M1209,Movie_0209,2025,Drama,Korean,UA,CineStar,51.11,15.68,106,6.7,45159,1917,108.54,0,1,629.64
M1210,Movie_0210,2025,Comedy,Korean,R,DreamWorks India,23.82,8.86,137,6.8,3791,902,41.15,0,0,308.65
M1211,Movie_0211,2022,Thriller,Tamil,UA,Prime Motion,58.68,9.68,120,5.2,49862,2189,138.45,0,1,703.62
M1212,Movie_0212,2021,Animation,Telugu,U,Global Pictures,14.88,2.91,126,8.1,23561,2077,46.27,0,0,424.28
M1213,Movie_0213,2018,Animation,Hindi,PG-13,Nova Entertainment,87.85,36.13,176,6.8,34088,1315,203.42,0,0,968.33
M1214,Movie_0214,2023,Thriller,Hindi,PG-13,Nova Entertainment,61.18,7.75,101,7.2,7529,3161,83.85,0,1,592.2
M1215,Movie_0215,2020,Sci-Fi,Tamil,PG-13,BlueSky Films,53.15,19.58,133,7.7,1911,1496,100.58,1,0,624.05
M1216,Movie_0216,2018,Sci-Fi,Hindi,U,Prime Motion,85.23,23.55,136,5.9,35508,2070,224.85,0,1,1000.0
M1217,Movie_0217,2025,Adventure,English,U,Prime Motion,132.85,35.53,148,7.2,1110,3509,325.33,0,1,1000.0
M1218,Movie_0218,2012,Action,English,R,Alpha Studios,87.01,10.64,130,6.6,11727,1890,119.03,0,0,714.3
M1219,Movie_0219,2012,Action,Korean,U,Prime Motion,13.6,5.31,134,7.6,64133,1656,38.49,0,0,305.92
M1220,Movie_0220,2020,Adventure,English,PG-13,CineStar,19.59,4.68,121,4.9,23322,1556,35.22,0,0,315.36
M1221,Movie_0221,2022,Sci-Fi,Hindi,PG-13,BlueSky Films,29.98,8.95,133,6.7,249793,2092,73.97,0,0,565.53
M1222,Movie_0222,2025,Animation,Spanish,PG-13,DreamWorks India,45.77,15.72,122,6.3,71827,300,101.49,0,1,654.07
M1223,Movie_0223,2020,Romance,Telugu,U,Prime Motion,63.0,22.17,139,7.2,7445,601,137.02,0,0,688.3
M1224,Movie_0224,2015,Animation,Spanish,PG-13,CineStar,28.08,12.23,121,7.2,18676,2447,65.29,0,0,486.84
M1225,Movie_0225,2024,Comedy,Hindi,R,Prime Motion,50.81,15.01,135,6.2,16884,3230,125.78,1,0,651.75
M1226,Movie_0226,2020,Fantasy,English,UA,Global Pictures,27.54,6.94,127,6.2,2126,1221,49.04,0,0,398.9
M1227,Movie_0227,2014,Animation,Tamil,UA,CineStar,30.24,13.15,148,6.7,5057,1793,50.43,0,1,465.32
M1228,Movie_0228,2018,Comedy,English,UA,Global Pictures,18.04,5.99,127,6.0,8443,1961,52.06,1,0,408.66
M1229,Movie_0229,2017,Animation,English,U,BlueSky Films,24.69,5.39,96,7.6,1151,2430,89.36,0,1,561.27
M1230,Movie_0230,2019,Action,English,R,Prime Motion,18.69,3.02,151,6.5,19191,301,42.86,0,0,295.61
M1231,Movie_0231,2022,Drama,English,R,Alpha Studios,23.86,9.5,112,4.2,12860,1196,53.1,0,0,341.84
M1232,Movie_0232,2020,Comedy,English,R,Nova Entertainment,89.26,21.38,116,6.5,1881,2255,184.83,0,0,874.83
M1233,Movie_0233,2025,Romance,English,A,CineStar,24.28,8.2,117,5.9,31064,2427,88.87,0,0,515.83
M1234,Movie_0234,2016,Sci-Fi,Hindi,PG-13,Alpha Studios,249.06,68.58,153,5.3,47313,6000,459.5,1,1,1000.0
M1235,Movie_0235,2012,Drama,Tamil,UA,Alpha Studios,62.01,11.51,90,5.7,24455,2161,97.49,0,0,576.43
M1236,Movie_0236,2014,Action,English,PG-13,Nova Entertainment,50.74,16.17,184,6.9,11621,962,141.07,0,0,622.87
M1237,Movie_0237,2021,Horror,English,A,CineStar,25.76,3.61,147,8.0,39997,2228,77.41,0,0,440.44
M1238,Movie_0238,2023,Action,Hindi,R,Prime Motion,70.94,18.19,132,7.1,45090,3797,125.2,1,0,765.6
M1239,Movie_0239,2019,Horror,Hindi,PG-13,CineStar,30.95,9.3,127,6.3,27258,2092,73.55,0,0,489.31
M1240,Movie_0240,2022,Romance,Korean,R,Alpha Studios,48.71,12.86,133,7.2,5912,1411,93.26,0,0,512.97
M1241,Movie_0241,2017,Adventure,English,R,DreamWorks India,237.63,87.23,137,6.4,26148,4642,290.81,0,0,1000.0
M1242,Movie_0242,2019,Sci-Fi,Korean,R,DreamWorks India,42.28,16.62,140,6.2,90402,2753,137.55,0,0,705.64
M1243,Movie_0243,2020,Thriller,English,U,CineStar,94.98,35.57,138,5.8,8043,1538,169.76,0,1,878.26
M1244,Movie_0244,2015,Sci-Fi,Hindi,PG-13,Alpha Studios,28.49,3.78,130,5.2,305695,2268,81.67,0,0,516.22
M1245,Movie_0245,2012,Animation,English,A,Alpha Studios,43.99,8.1,124,6.4,8853,3079,87.35,1,0,543.76
M1246,Movie_0246,2025,Drama,English,UA,BlueSky Films,142.26,42.26,125,6.9,18804,4351,315.66,0,0,1000.0
M1247,Movie_0247,2012,Thriller,English,U,Alpha Studios,29.94,12.83,124,6.7,7260,1932,41.26,0,0,361.94
M1248,Movie_0248,2021,Comedy,English,PG-13,Nova Entertainment,146.17,57.81,148,6.4,24331,2520,349.23,0,1,1000.0
M1249,Movie_0249,2015,Sci-Fi,English,UA,DreamWorks India,71.29,28.37,139,5.9,1713,3707,155.9,0,0,789.59
M1250,Movie_0250,2023,Action,Tamil,UA,BlueSky Films,31.22,6.87,80,7.3,8612,1013,66.03,0,0,448.94
M1251,Movie_0251,2025,Action,Telugu,PG-13,Prime Motion,67.88,17.77,140,5.6,4120,2875,79.07,0,0,607.97
M1252,Movie_0252,2018,Sci-Fi,Hindi,R,Nova Entertainment,84.68,23.31,132,7.5,21608,1132,111.88,1,0,812.09
M1253,Movie_0253,2013,Sci-Fi,English,PG-13,Prime Motion,67.41,11.59,128,5.9,68915,3494,80.93,0,0,628.94
M1254,Movie_0254,2014,Sci-Fi,English,UA,DreamWorks India,16.22,2.11,121,6.1,43055,1524,32.23,0,0,281.29
M1255,Movie_0255,2012,Thriller,Spanish,UA,Nova Entertainment,28.05,12.13,148,5.5,732,2969,69.4,0,0,449.19
M1256,Movie_0256,2016,Action,Hindi,UA,Global Pictures,38.31,7.64,145,6.3,283486,2538,95.43,0,0,554.59
M1257,Movie_0257,2012,Adventure,English,UA,CineStar,42.87,8.54,114,7.7,26816,1085,84.8,0,1,536.2
M1258,Movie_0258,2019,Thriller,English,U,Global Pictures,67.36,9.94,135,7.3,6309,3851,139.41,1,0,781.74
M1259,Movie_0259,2012,Adventure,Hindi,R,CineStar,50.51,21.54,111,7.7,22253,3701,113.75,1,1,736.79
M1260,Movie_0260,2022,Romance,English,A,DreamWorks India,18.89,5.88,103,7.3,22833,2410,47.5,0,0,461.67
M1261,Movie_0261,2012,Drama,English,U,DreamWorks India,57.62,19.6,117,5.8,7316,1611,77.12,0,1,517.81
M1262,Movie_0262,2013,Action,Tamil,UA,Global Pictures,66.92,28.16,144,6.5,23513,2125,157.86,1,0,794.84
M1263,Movie_0263,2013,Animation,Telugu,UA,Nova Entertainment,64.75,15.15,145,6.1,7927,2552,145.73,0,0,787.32
M1264,Movie_0264,2023,Drama,Hindi,UA,Prime Motion,90.85,29.53,137,8.0,10427,1867,121.76,0,0,752.06
M1265,Movie_0265,2017,Thriller,English,U,CineStar,77.38,10.28,141,5.7,7127,4263,134.07,0,0,685.11
M1266,Movie_0266,2018,Romance,English,R,CineStar,60.65,11.02,137,7.6,2601,2510,157.84,1,0,700.36
M1267,Movie_0267,2016,Horror,Spanish,UA,BlueSky Films,42.99,16.95,116,7.6,21916,300,94.27,0,0,517.7
M1268,Movie_0268,2012,Drama,Korean,U,Alpha Studios,15.29,5.7,136,8.4,39667,1912,43.32,1,0,408.25
M1269,Movie_0269,2012,Animation,English,U,Nova Entertainment,59.5,14.02,142,6.4,36070,2023,113.18,1,0,716.46
M1270,Movie_0270,2014,Action,English,A,Nova Entertainment,51.5,12.58,142,7.4,54449,2205,91.44,0,0,597.8
M1271,Movie_0271,2025,Comedy,English,U,BlueSky Films,53.69,15.9,149,8.9,27888,1952,142.11,0,1,773.4
M1272,Movie_0272,2013,Action,English,U,DreamWorks India,19.62,2.36,141,6.2,8768,2378,60.74,1,0,467.57
M1273,Movie_0273,2016,Adventure,Hindi,UA,Global Pictures,22.29,4.45,134,5.4,55919,2690,39.99,0,0,422.14
M1274,Movie_0274,2023,Comedy,Spanish,A,Nova Entertainment,89.23,16.84,147,5.1,2879,2912,223.17,0,0,886.23
M1275,Movie_0275,2021,Comedy,English,U,CineStar,43.86,8.89,128,7.4,5335,1882,113.65,0,0,575.56
M1276,Movie_0276,2017,Action,English,UA,BlueSky Films,70.08,27.05,112,5.1,4897,2416,124.95,0,0,670.93
M1277,Movie_0277,2018,Drama,Korean,UA,Global Pictures,45.84,9.73,125,6.5,77358,2227,100.71,0,1,636.64
M1278,Movie_0278,2015,Drama,English,UA,Prime Motion,45.88,8.41,115,7.2,64272,1484,67.5,0,0,427.67
M1279,Movie_0279,2018,Action,Spanish,UA,Global Pictures,82.81,23.72,116,7.0,34751,3169,126.21,0,0,740.14
M1280,Movie_0280,2022,Fantasy,Hindi,U,Nova Entertainment,32.18,13.05,125,7.2,76514,2403,92.74,1,0,610.88
M1281,Movie_0281,2019,Action,Spanish,U,Alpha Studios,47.9,9.56,114,7.0,5492,3642,76.12,0,0,628.9
M1282,Movie_0282,2022,Thriller,English,UA,CineStar,33.32,4.86,122,8.0,28817,3088,88.89,0,1,611.69
M1283,Movie_0283,2012,Action,English,UA,Global Pictures,33.93,8.06,94,5.9,15201,1474,94.87,0,1,575.72
M1284,Movie_0284,2017,Thriller,English,U,Prime Motion,36.81,13.5,132,6.2,56467,2794,50.15,0,0,402.69
M1285,Movie_0285,2019,Action,English,UA,CineStar,51.99,15.69,128,6.1,15406,1393,96.32,0,0,597.19
M1286,Movie_0286,2016,Sci-Fi,English,R,Nova Entertainment,32.97,12.84,113,7.5,10704,2614,93.87,0,0,514.4
M1287,Movie_0287,2015,Comedy,Spanish,PG-13,BlueSky Films,101.79,44.45,140,7.6,37359,2127,267.17,0,0,1000.0
M1288,Movie_0288,2013,Romance,Tamil,PG-13,Prime Motion,25.16,9.6,145,7.2,58744,1106,63.54,0,0,356.28
M1289,Movie_0289,2017,Comedy,Hindi,R,Global Pictures,39.85,12.72,99,7.9,7301,2378,85.83,1,0,536.98
M1290,Movie_0290,2017,Action,English,R,Prime Motion,33.81,9.56,114,5.7,16575,300,58.9,0,0,319.8
M1291,Movie_0291,2022,Sci-Fi,Telugu,PG-13,Nova Entertainment,115.26,15.36,114,8.3,4312,789,218.86,0,0,997.45
M1292,Movie_0292,2012,Action,Telugu,A,Global Pictures,51.13,22.75,111,8.2,617,2106,141.52,1,0,666.58
M1293,Movie_0293,2020,Thriller,English,UA,Prime Motion,88.0,21.7,143,7.5,23593,2689,149.51,0,0,834.24
M1294,Movie_0294,2023,Action,Spanish,UA,BlueSky Films,17.13,2.92,125,8.4,40951,1467,48.68,1,0,454.39
M1295,Movie_0295,2022,Drama,English,PG-13,Prime Motion,53.53,18.2,123,5.3,25640,813,80.29,1,1,532.41
M1296,Movie_0296,2017,Romance,English,R,CineStar,80.23,17.15,92,6.3,1294,1691,208.19,0,0,835.79
M1297,Movie_0297,2024,Comedy,English,UA,CineStar,47.47,14.87,139,6.1,11209,2586,121.76,0,0,596.0
M1298,Movie_0298,2014,Adventure,Tamil,PG-13,Global Pictures,89.95,28.21,106,7.4,900,3238,183.46,0,1,960.06
M1299,Movie_0299,2015,Sci-Fi,Hindi,UA,Nova Entertainment,32.15,8.59,129,5.9,114373,2009,75.43,0,1,541.51
M1300,Movie_0300,2023,Sci-Fi,English,UA,BlueSky Films,112.48,44.53,133,7.5,4154,4075,204.5,1,0,1000.0
M1301,Movie_0301,2022,Thriller,English,UA,DreamWorks India,200.53,41.6,152,8.0,98019,3716,282.59,0,0,1000.0
M1302,Movie_0302,2015,Comedy,English,UA,CineStar,35.55,9.53,104,7.4,64540,1439,52.37,1,0,481.69
M1303,Movie_0303,2014,Drama,English,UA,Prime Motion,33.69,10.02,80,7.1,5336,1811,55.65,1,0,437.12
M1304,Movie_0304,2021,Comedy,English,PG-13,DreamWorks India,115.74,39.24,131,5.9,3900,1187,187.52,0,0,931.38
M1305,Movie_0305,2014,Animation,English,R,Prime Motion,125.64,47.58,160,6.0,28886,2717,310.92,0,1,1000.0
M1306,Movie_0306,2014,Sci-Fi,English,R,Global Pictures,32.03,8.02,150,7.9,5757,2940,75.04,0,0,516.61
M1307,Movie_0307,2015,Comedy,Korean,UA,DreamWorks India,34.25,11.41,132,7.5,20670,2630,66.41,0,0,495.53
M1308,Movie_0308,2018,Comedy,English,R,Nova Entertainment,37.47,6.36,119,6.8,9379,3306,103.35,0,0,519.44
M1309,Movie_0309,2015,Comedy,Telugu,UA,Prime Motion,18.78,8.03,143,6.4,1625,1549,47.95,0,0,329.81
M1310,Movie_0310,2020,Romance,English,UA,Nova Entertainment,24.77,6.1,110,5.0,886,2938,83.9,0,0,439.16
M1311,Movie_0311,2012,Thriller,English,PG-13,Prime Motion,23.43,8.45,137,5.8,24444,1720,55.12,1,0,312.4
M1312,Movie_0312,2019,Horror,English,UA,DreamWorks India,27.32,3.46,137,8.5,8433,3111,48.92,0,0,431.33
M1313,Movie_0313,2018,Drama,English,U,Nova Entertainment,44.0,8.26,147,5.6,8530,2168,87.64,0,0,474.87
M1314,Movie_0314,2013,Sci-Fi,English,UA,CineStar,52.4,14.71,178,7.0,46052,2946,121.3,0,0,709.5
M1315,Movie_0315,2019,Horror,Korean,PG-13,Global Pictures,123.28,50.52,135,7.7,87752,4538,165.72,1,0,1000.0
M1316,Movie_0316,2012,Action,Spanish,UA,DreamWorks India,23.52,6.91,119,5.7,12458,1722,36.04,0,1,479.29
M1317,Movie_0317,2022,Action,English,A,Prime Motion,85.33,36.42,128,7.0,11365,2812,125.4,0,0,789.97
M1318,Movie_0318,2023,Action,English,PG-13,CineStar,39.16,10.95,96,7.6,35359,3245,81.42,1,1,636.22
M1319,Movie_0319,2020,Comedy,Spanish,PG-13,Prime Motion,43.58,12.28,115,6.8,2882,2063,85.81,0,0,502.96
M1320,Movie_0320,2020,Sci-Fi,English,R,DreamWorks India,69.78,11.13,121,9.4,24328,1128,118.88,0,0,662.79
M1321,Movie_0321,2013,Animation,Hindi,UA,Prime Motion,21.69,8.35,119,5.3,37917,3440,62.04,0,0,501.03
M1322,Movie_0322,2018,Comedy,Spanish,UA,CineStar,57.7,11.63,131,7.8,45090,1891,135.3,1,0,709.8
M1323,Movie_0323,2025,Thriller,Spanish,UA,Nova Entertainment,50.14,20.9,113,6.6,1317,2407,105.16,0,1,663.34
M1324,Movie_0324,2021,Sci-Fi,English,UA,Nova Entertainment,61.98,26.07,148,7.5,6440,3510,118.72,0,1,771.57
M1325,Movie_0325,2014,Horror,English,PG-13,Global Pictures,54.31,23.42,128,7.2,5499,1731,62.77,0,0,495.77
M1326,Movie_0326,2018,Animation,English,U,Prime Motion,221.98,64.75,128,6.1,20598,1926,271.89,1,0,1000.0
M1327,Movie_0327,2023,Action,Korean,UA,Nova Entertainment,29.73,10.21,122,7.0,34445,2189,69.36,0,0,520.99
M1328,Movie_0328,2021,Action,Spanish,PG-13,BlueSky Films,31.87,12.01,131,5.1,135765,537,39.7,0,1,452.73
M1329,Movie_0329,2020,Action,Hindi,PG-13,CineStar,30.01,4.9,143,7.3,9227,1753,60.48,1,0,445.21
M1330,Movie_0330,2015,Animation,Telugu,PG-13,CineStar,31.36,9.98,112,7.1,9194,2211,68.76,0,0,524.49
M1331,Movie_0331,2023,Drama,Telugu,PG-13,DreamWorks India,29.74,3.9,116,7.4,84981,1764,64.17,1,0,423.1
M1332,Movie_0332,2012,Action,Hindi,PG-13,Global Pictures,97.47,27.7,123,7.8,26863,983,136.03,1,0,845.7
M1333,Movie_0333,2013,Action,Tamil,PG-13,Alpha Studios,113.29,19.38,104,7.1,99653,4578,192.86,1,1,1000.0
M1334,Movie_0334,2012,Adventure,Hindi,UA,Nova Entertainment,31.05,5.6,113,6.9,26579,2090,67.63,0,0,480.89
M1335,Movie_0335,2025,Horror,English,R,Alpha Studios,26.2,6.3,119,6.0,3774,3046,95.06,0,0,486.55
M1336,Movie_0336,2023,Horror,English,A,BlueSky Films,61.13,16.06,144,6.2,2976,2122,157.3,1,0,732.24
M1337,Movie_0337,2016,Drama,Telugu,UA,Global Pictures,31.43,10.23,133,7.9,2216,1287,72.8,1,0,509.75
M1338,Movie_0338,2016,Animation,English,UA,CineStar,67.9,9.82,131,8.1,43997,2706,116.59,0,0,751.95
M1339,Movie_0339,2022,Comedy,English,PG-13,Alpha Studios,51.34,14.7,143,6.6,89566,2073,91.18,1,0,621.95
M1340,Movie_0340,2018,Action,Tamil,R,BlueSky Films,16.8,3.03,126,6.8,218549,891,48.36,0,1,354.87
M1341,Movie_0341,2020,Adventure,Hindi,UA,Global Pictures,123.04,38.07,135,6.0,56180,4530,149.47,0,0,985.78
M1342,Movie_0342,2020,Thriller,Spanish,U,BlueSky Films,144.6,47.77,126,7.9,86505,2195,394.99,0,0,1000.0
M1343,Movie_0343,2014,Fantasy,English,R,Nova Entertainment,30.22,9.18,133,7.4,8226,492,63.64,1,0,369.23
M1344,Movie_0344,2014,Horror,Hindi,R,Alpha Studios,34.98,12.72,118,8.5,3778,3188,92.15,0,0,579.54
M1345,Movie_0345,2014,Thriller,English,UA,DreamWorks India,54.19,12.5,84,6.0,56711,1829,77.6,0,1,501.02
M1346,Movie_0346,2015,Horror,Korean,UA,DreamWorks India,55.93,20.83,126,6.5,31634,1745,128.65,1,0,672.26
M1347,Movie_0347,2019,Action,English,PG-13,Global Pictures,69.04,18.15,154,7.0,20809,680,122.23,0,0,721.73
M1348,Movie_0348,2017,Fantasy,Hindi,UA,BlueSky Films,166.22,46.5,145,7.4,30365,5222,217.71,0,0,1000.0
M1349,Movie_0349,2019,Action,Tamil,R,CineStar,40.11,13.39,145,6.6,27845,1010,60.69,0,0,465.73
M1350,Movie_0350,2012,Romance,English,U,Alpha Studios,26.78,3.38,150,6.0,101852,1978,67.27,0,0,402.77
M1351,Movie_0351,2019,Animation,Spanish,U,DreamWorks India,18.36,6.17,130,7.6,103399,2414,52.08,0,1,498.03
M1352,Movie_0352,2015,Comedy,Korean,UA,DreamWorks India,27.98,9.07,132,7.4,37527,2290,60.56,1,0,451.22
M1353,Movie_0353,2022,Horror,English,UA,BlueSky Films,44.04,9.79,117,6.0,56385,2134,66.3,0,0,459.9
M1354,Movie_0354,2012,Comedy,English,U,DreamWorks India,144.48,21.43,122,8.0,36030,894,294.45,1,0,1000.0
M1355,Movie_0355,2019,Animation,English,U,Prime Motion,32.14,4.82,139,7.9,9658,1352,80.59,0,0,527.17
M1356,Movie_0356,2015,Comedy,English,PG-13,BlueSky Films,52.05,22.1,150,6.9,49985,2456,111.01,0,0,612.8
M1357,Movie_0357,2017,Comedy,Korean,UA,Alpha Studios,44.52,15.47,125,6.9,2739,1487,93.25,0,1,494.13
M1358,Movie_0358,2019,Fantasy,Spanish,R,BlueSky Films,97.43,15.78,120,7.3,74673,2890,161.37,0,0,915.8
M1359,Movie_0359,2015,Sci-Fi,English,UA,DreamWorks India,232.56,55.28,128,6.0,3588,4242,460.73,0,0,1000.0
M1360,Movie_0360,2025,Comedy,English,PG-13,BlueSky Films,31.87,10.05,139,6.8,26475,2812,75.01,0,0,490.17
M1361,Movie_0361,2014,Adventure,English,UA,DreamWorks India,32.74,12.96,102,4.9,5751,1012,90.38,0,1,554.4
M1362,Movie_0362,2025,Sci-Fi,English,UA,Nova Entertainment,88.71,11.92,87,7.6,37994,4949,202.88,0,0,991.67
M1363,Movie_0363,2020,Action,English,A,Global Pictures,70.1,13.89,118,5.4,17194,3229,117.99,0,1,712.84
M1364,Movie_0364,2014,Adventure,English,A,DreamWorks India,149.46,61.82,106,8.2,2090,2967,277.21,0,0,1000.0
M1365,Movie_0365,2020,Comedy,English,PG-13,Prime Motion,65.77,8.09,119,6.5,31763,3497,181.64,1,1,874.72
M1366,Movie_0366,2024,Thriller,Hindi,PG-13,Prime Motion,35.63,6.64,125,6.6,8249,4083,89.56,0,0,555.63
M1367,Movie_0367,2013,Action,Telugu,PG-13,Prime Motion,66.06,28.83,120,6.2,59140,996,96.9,0,0,627.75
M1368,Movie_0368,2025,Action,English,UA,Prime Motion,92.51,29.83,154,6.5,18032,2391,209.18,1,0,1000.0
M1369,Movie_0369,2013,Drama,Tamil,R,DreamWorks India,76.71,15.83,134,8.1,30697,300,113.96,1,0,637.62
M1370,Movie_0370,2013,Animation,Hindi,A,DreamWorks India,62.58,8.89,133,4.6,4941,2577,148.31,0,0,683.66
M1371,Movie_0371,2017,Drama,Korean,R,Global Pictures,90.02,11.64,139,7.9,8123,3007,107.11,0,0,657.09
M1372,Movie_0372,2014,Comedy,English,PG-13,Nova Entertainment,96.23,19.32,108,7.1,9691,2617,217.97,0,0,896.61
M1373,Movie_0373,2024,Comedy,Korean,U,CineStar,110.51,45.41,147,5.7,57220,2016,136.82,0,0,853.05
M1374,Movie_0374,2020,Action,Korean,UA,DreamWorks India,68.6,17.65,127,5.8,173266,394,67.65,1,1,627.14
M1375,Movie_0375,2015,Action,English,A,CineStar,40.37,14.44,140,8.3,6070,2468,123.53,1,0,658.53
M1376,Movie_0376,2012,Sci-Fi,English,PG-13,Alpha Studios,49.5,20.94,109,5.9,77023,3594,132.12,0,1,767.18
M1377,Movie_0377,2015,Thriller,Spanish,A,Nova Entertainment,98.58,25.1,100,5.8,962,2029,157.63,1,0,842.49
M1378,Movie_0378,2012,Adventure,Telugu,PG-13,BlueSky Films,26.46,4.85,143,7.8,3590,2273,55.75,0,0,450.04
M1379,Movie_0379,2025,Action,Spanish,UA,CineStar,57.19,16.62,135,7.1,4933,837,112.18,0,0,660.44
M1380,Movie_0380,2016,Action,Tamil,UA,Prime Motion,34.85,14.62,112,6.0,2899,2449,86.96,1,0,624.25
M1381,Movie_0381,2015,Horror,Hindi,U,Nova Entertainment,45.85,17.67,112,7.0,2122,1854,130.21,0,1,632.01
M1382,Movie_0382,2019,Romance,English,A,Alpha Studios,103.3,14.64,148,5.9,31434,1863,266.6,1,0,1000.0
M1383,Movie_0383,2019,Comedy,English,PG-13,Nova Entertainment,50.95,17.76,107,7.8,13482,1563,118.08,1,1,687.72
M1384,Movie_0384,2018,Horror,Spanish,UA,BlueSky Films,46.38,14.32,158,7.8,30041,1859,97.17,0,1,647.0
M1385,Movie_0385,2014,Romance,English,A,DreamWorks India,18.59,7.8,112,7.3,45718,2039,42.15,0,0,317.62
M1386,Movie_0386,2012,Thriller,English,U,DreamWorks India,73.09,11.73,139,7.1,25763,1150,154.78,0,1,764.5
M1387,Movie_0387,2012,Action,Telugu,U,Prime Motion,68.46,20.28,122,8.4,43743,2046,101.1,0,0,644.22
M1388,Movie_0388,2023,Adventure,Telugu,PG-13,DreamWorks India,183.6,75.32,139,6.8,16387,3073,315.36,0,1,1000.0
M1389,Movie_0389,2022,Action,English,UA,Global Pictures,36.84,9.41,118,5.7,3625,1151,53.73,0,0,473.94
M1390,Movie_0390,2014,Thriller,English,PG-13,Global Pictures,51.89,14.48,125,7.2,75069,3955,76.61,1,0,577.88
M1391,Movie_0391,2017,Sci-Fi,English,PG-13,Global Pictures,52.92,7.58,129,8.7,8126,1491,73.67,0,1,564.65
M1392,Movie_0392,2018,Drama,English,R,Prime Motion,125.46,26.57,110,5.9,5090,2064,236.79,0,0,986.57
M1393,Movie_0393,2017,Action,Tamil,UA,Global Pictures,42.3,9.61,141,6.5,14156,1299,103.21,0,0,627.81
M1394,Movie_0394,2025,Animation,English,UA,Alpha Studios,53.95,23.3,119,7.2,5249,3995,131.41,1,0,830.1
M1395,Movie_0395,2025,Animation,Korean,PG-13,Prime Motion,66.81,14.25,124,6.8,10245,2977,112.96,0,0,710.39
M1396,Movie_0396,2017,Drama,Tamil,PG-13,Nova Entertainment,50.8,13.82,110,5.9,28641,1398,64.2,0,0,485.09
M1397,Movie_0397,2017,Animation,Hindi,PG-13,Alpha Studios,33.67,11.5,82,7.8,28807,2971,87.14,1,1,612.32
M1398,Movie_0398,2024,Action,English,UA,DreamWorks India,51.05,8.86,125,8.9,5356,2456,76.53,0,0,601.35
M1399,Movie_0399,2014,Romance,English,UA,BlueSky Films,90.43,25.37,171,7.0,9318,2894,199.61,0,0,887.01
M1400,Movie_0400,2017,Animation,English,A,Global Pictures,23.09,8.4,142,6.0,76762,1599,76.98,1,0,505.53
M1401,Movie_0401,2019,Comedy,English,PG-13,Nova Entertainment,49.06,19.92,128,5.4,35181,1558,62.8,0,0,419.73
M1402,Movie_0402,2022,Action,Tamil,UA,BlueSky Films,28.55,9.33,123,7.0,296399,2234,57.96,1,0,484.33
M1403,Movie_0403,2022,Sci-Fi,English,U,Prime Motion,97.85,33.35,128,7.8,88548,2075,184.33,0,1,1000.0
M1404,Movie_0404,2013,Drama,Tamil,PG-13,Prime Motion,16.72,2.7,138,7.2,84366,2994,55.34,0,1,430.58
M1405,Movie_0405,2016,Thriller,English,UA,Alpha Studios,31.29,13.52,107,6.8,2764,965,74.37,1,0,422.4
M1406,Movie_0406,2025,Drama,English,UA,Global Pictures,57.5,9.42,148,6.3,50480,3809,160.38,0,0,709.87
M1407,Movie_0407,2012,Fantasy,Spanish,U,Prime Motion,124.49,46.76,141,5.8,16754,2708,224.58,1,1,1000.0
M1408,Movie_0408,2023,Thriller,Hindi,UA,Alpha Studios,43.12,8.94,141,7.6,8555,2442,128.42,1,0,693.92
M1409,Movie_0409,2012,Drama,English,A,Alpha Studios,31.37,13.43,136,7.6,22582,2695,56.98,1,0,462.03
M1410,Movie_0410,2016,Thriller,English,UA,CineStar,152.84,54.65,128,5.4,64483,2216,192.65,1,0,1000.0
M1411,Movie_0411,2023,Comedy,English,U,Nova Entertainment,17.56,6.47,140,8.2,35392,2353,66.03,0,1,446.97
M1412,Movie_0412,2024,Comedy,Telugu,U,Alpha Studios,10.78,2.07,139,7.3,5498,300,28.53,0,0,281.84
M1413,Movie_0413,2014,Action,English,UA,DreamWorks India,59.9,15.95,122,8.1,49042,1667,78.77,0,0,600.43
M1414,Movie_0414,2015,Drama,Hindi,PG-13,Prime Motion,32.47,10.52,118,5.6,7611,1261,47.16,0,0,327.09
M1415,Movie_0415,2014,Romance,Hindi,U,Alpha Studios,23.17,8.67,130,5.6,24116,907,33.43,1,0,298.79
M1416,Movie_0416,2012,Sci-Fi,Spanish,A,Global Pictures,71.31,11.0,156,6.7,11951,2251,94.19,0,0,605.97
M1417,Movie_0417,2012,Action,English,U,Prime Motion,52.73,23.07,106,7.3,13395,2650,103.54,0,0,634.55
M1418,Movie_0418,2023,Comedy,English,UA,Prime Motion,31.19,12.9,102,8.4,50642,2584,97.85,0,0,507.97
M1419,Movie_0419,2023,Adventure,Hindi,UA,DreamWorks India,19.58,4.1,131,7.4,4419,1962,49.08,0,0,425.48
M1420,Movie_0420,2025,Horror,English,U,Alpha Studios,79.34,31.06,129,6.6,248734,1844,194.16,1,0,928.84
M1421,Movie_0421,2024,Action,English,PG-13,DreamWorks India,68.67,19.99,131,5.9,1540,2814,172.76,0,0,833.55
M1422,Movie_0422,2025,Thriller,English,UA,Alpha Studios,42.19,11.49,132,7.9,8032,2274,94.45,0,1,576.79
M1423,Movie_0423,2016,Adventure,English,PG-13,Nova Entertainment,149.45,33.44,124,5.9,29670,4107,355.3,1,1,1000.0
M1424,Movie_0424,2017,Animation,English,U,DreamWorks India,22.45,7.0,155,8.3,39614,2436,69.89,0,0,540.13
M1425,Movie_0425,2014,Thriller,English,U,BlueSky Films,16.69,6.02,99,6.5,15716,1738,38.85,0,0,356.14
M1426,Movie_0426,2023,Comedy,Spanish,UA,CineStar,28.7,7.34,113,8.2,16658,1244,62.09,0,1,472.5
M1427,Movie_0427,2020,Action,Telugu,PG-13,DreamWorks India,43.69,14.31,126,7.4,31331,1600,91.53,0,0,493.95
M1428,Movie_0428,2016,Drama,English,UA,Global Pictures,52.71,18.49,98,6.7,13176,1773,139.45,0,0,653.18
M1429,Movie_0429,2019,Action,English,UA,CineStar,38.47,13.64,125,6.3,118056,1842,121.39,1,0,698.44
M1430,Movie_0430,2024,Fantasy,Hindi,UA,CineStar,56.57,7.76,158,6.5,55896,2584,110.96,0,0,693.36
M1431,Movie_0431,2012,Drama,Korean,U,Alpha Studios,19.95,8.05,128,7.2,58479,2320,57.53,1,1,483.37
M1432,Movie_0432,2025,Animation,English,R,DreamWorks India,115.02,31.2,132,6.9,4884,2723,152.01,1,1,967.31
M1433,Movie_0433,2016,Drama,Tamil,UA,Nova Entertainment,42.66,8.81,105,6.3,16170,2185,101.64,0,0,562.89
M1434,Movie_0434,2014,Action,Hindi,PG-13,Prime Motion,93.03,18.59,117,6.7,11998,2792,161.81,0,0,857.53
M1435,Movie_0435,2023,Sci-Fi,English,PG-13,CineStar,56.23,15.71,121,6.9,4631,1835,64.58,0,0,485.94
M1436,Movie_0436,2012,Thriller,Spanish,UA,Global Pictures,60.56,24.99,122,4.9,29270,1472,113.03,0,0,636.73
M1437,Movie_0437,2015,Thriller,Telugu,U,Nova Entertainment,65.17,15.96,151,7.2,8710,680,127.26,1,0,647.12
M1438,Movie_0438,2024,Comedy,Korean,A,Nova Entertainment,60.2,22.12,138,5.9,43604,1693,80.97,0,0,554.3
M1439,Movie_0439,2016,Comedy,English,UA,Global Pictures,68.34,10.38,108,5.8,4244,2914,180.56,0,0,802.19
M1440,Movie_0440,2018,Action,Hindi,UA,Prime Motion,106.76,29.58,132,5.3,183291,1945,136.33,0,1,830.96
M1441,Movie_0441,2012,Horror,Hindi,A,Global Pictures,51.13,22.87,137,5.2,5367,2050,133.15,0,0,579.02
M1442,Movie_0442,2014,Drama,English,PG-13,Alpha Studios,71.34,26.7,149,5.6,24201,2939,178.24,0,0,803.84
M1443,Movie_0443,2013,Comedy,Hindi,PG-13,BlueSky Films,42.45,8.04,156,6.2,52424,2629,72.16,0,0,450.34
M1444,Movie_0444,2020,Thriller,English,PG-13,Prime Motion,114.75,32.76,110,8.6,8331,1552,175.79,0,0,927.83
M1445,Movie_0445,2021,Adventure,English,U,DreamWorks India,28.99,5.71,113,6.3,56894,2774,71.97,0,0,537.31
M1446,Movie_0446,2017,Action,English,UA,CineStar,145.08,37.02,105,7.0,3424,4307,320.9,0,0,1000.0
M1447,Movie_0447,2021,Action,Telugu,U,DreamWorks India,43.84,16.55,124,7.2,127833,1175,97.56,1,0,553.13
M1448,Movie_0448,2014,Adventure,Spanish,PG-13,Nova Entertainment,17.75,6.65,136,6.9,18347,1155,42.57,0,1,405.08
M1449,Movie_0449,2019,Action,English,R,CineStar,48.91,9.55,146,6.7,8046,3340,108.98,0,1,686.7
M1450,Movie_0450,2025,Drama,Hindi,UA,Prime Motion,28.9,12.26,127,5.7,12018,1851,77.34,0,0,447.32
M1451,Movie_0451,2019,Animation,English,U,Alpha Studios,77.72,24.52,122,8.1,53646,300,105.59,0,0,723.3
M1452,Movie_0452,2013,Adventure,Korean,UA,DreamWorks India,29.44,7.22,131,8.4,8177,845,48.46,1,0,489.64
M1453,Movie_0453,2017,Sci-Fi,Hindi,R,Alpha Studios,33.67,9.62,113,5.3,6545,1837,67.65,0,0,434.24
M1454,Movie_0454,2018,Adventure,Tamil,A,Alpha Studios,13.18,4.21,166,5.9,13347,848,33.85,0,0,329.53
M1455,Movie_0455,2013,Romance,Tamil,U,Prime Motion,33.54,10.22,99,6.5,3674,1698,83.5,1,1,537.96
M1456,Movie_0456,2022,Comedy,English,R,DreamWorks India,9.31,2.61,131,5.9,210209,1503,28.2,1,0,337.07
M1457,Movie_0457,2021,Drama,English,PG-13,DreamWorks India,16.07,4.61,164,7.3,8379,2718,48.03,0,0,314.96
M1458,Movie_0458,2013,Thriller,Spanish,U,Prime Motion,73.77,13.15,128,6.1,55315,2193,80.36,0,0,619.16
M1459,Movie_0459,2021,Action,English,R,Prime Motion,75.0,29.11,125,8.7,23882,3596,169.69,0,1,932.8
M1460,Movie_0460,2012,Drama,Hindi,UA,CineStar,59.34,17.73,122,7.9,4764,3735,109.37,0,1,639.41
M1461,Movie_0461,2019,Thriller,Spanish,UA,Nova Entertainment,24.0,3.92,125,7.0,17855,2983,89.19,1,0,531.63
M1462,Movie_0462,2012,Drama,English,UA,Nova Entertainment,43.63,16.27,153,7.7,51871,2437,97.03,0,0,581.88
M1463,Movie_0463,2020,Animation,Korean,PG-13,Prime Motion,44.89,19.2,88,7.8,13960,432,68.43,1,0,526.28
M1464,Movie_0464,2022,Comedy,Spanish,PG-13,Global Pictures,21.19,9.17,156,6.3,90113,2166,63.47,0,0,401.06
M1465,Movie_0465,2017,Romance,Telugu,U,Alpha Studios,119.57,28.91,102,6.1,71479,4013,228.27,0,0,1000.0
M1466,Movie_0466,2018,Thriller,English,R,Nova Entertainment,79.59,13.11,123,6.9,62234,2452,159.15,0,1,788.58
M1467,Movie_0467,2024,Action,English,U,BlueSky Films,38.98,11.35,120,7.6,9677,3637,59.52,1,0,556.86
M1468,Movie_0468,2021,Action,English,PG-13,Prime Motion,45.79,7.2,139,6.9,4189,2986,95.46,0,1,645.98
M1469,Movie_0469,2018,Comedy,Tamil,A,Prime Motion,51.53,22.06,99,5.4,7861,2804,159.98,0,0,708.3
M1470,Movie_0470,2021,Adventure,Tamil,UA,CineStar,11.94,2.16,136,6.1,23460,2280,29.18,0,1,387.13
M1471,Movie_0471,2014,Animation,Hindi,UA,Prime Motion,38.32,7.79,164,6.7,37606,2401,73.0,0,0,561.8
M1472,Movie_0472,2013,Adventure,English,R,CineStar,28.89,7.34,103,6.7,959,300,56.19,0,0,372.04
M1473,Movie_0473,2020,Adventure,English,UA,Global Pictures,23.47,5.78,131,8.6,17803,1487,71.23,1,0,491.39
M1474,Movie_0474,2019,Action,Telugu,PG-13,Global Pictures,37.49,14.33,116,5.6,22282,3131,80.93,0,0,577.74
M1475,Movie_0475,2024,Thriller,Telugu,UA,Prime Motion,144.77,39.17,136,7.3,12375,1972,269.19,1,1,1000.0
M1476,Movie_0476,2023,Action,Spanish,PG-13,Alpha Studios,68.25,12.04,128,8.1,102882,2218,183.52,0,0,866.93
M1477,Movie_0477,2021,Adventure,Telugu,UA,CineStar,31.04,6.46,116,8.8,31809,1147,42.2,0,0,441.29
M1478,Movie_0478,2018,Animation,Tamil,UA,CineStar,65.29,18.8,137,6.4,105544,4176,152.49,0,0,787.53
M1479,Movie_0479,2020,Thriller,Telugu,UA,BlueSky Films,111.75,18.85,160,7.2,13447,4661,239.76,0,0,1000.0
M1480,Movie_0480,2015,Sci-Fi,Hindi,R,Alpha Studios,82.08,26.42,125,7.3,63813,1632,180.87,1,0,914.13
M1481,Movie_0481,2024,Sci-Fi,English,UA,Alpha Studios,46.78,14.35,141,7.0,163646,2355,91.75,0,0,587.65
M1482,Movie_0482,2015,Action,Korean,UA,Nova Entertainment,29.55,10.52,105,6.7,105758,1429,53.44,0,0,392.51
M1483,Movie_0483,2012,Sci-Fi,Hindi,R,Global Pictures,70.85,30.42,111,7.2,4120,3084,165.23,0,0,780.5
M1484,Movie_0484,2019,Comedy,English,PG-13,Nova Entertainment,58.12,24.47,137,4.5,12780,2834,91.43,1,1,687.12
M1485,Movie_0485,2025,Animation,English,U,Alpha Studios,80.52,34.8,155,7.4,11295,3389,173.81,0,1,1000.0
M1486,Movie_0486,2025,Drama,English,R,Prime Motion,68.0,13.65,134,6.9,34843,2770,115.81,0,0,642.39
M1487,Movie_0487,2023,Sci-Fi,English,PG-13,BlueSky Films,89.02,14.55,122,6.6,45465,5742,104.6,0,0,733.91
M1488,Movie_0488,2014,Sci-Fi,English,UA,Prime Motion,31.78,6.98,128,8.6,5800,1168,84.38,0,0,518.93
M1489,Movie_0489,2018,Thriller,English,UA,Prime Motion,105.95,44.01,105,6.2,19726,818,184.58,0,0,828.52
M1490,Movie_0490,2023,Thriller,English,PG-13,Alpha Studios,51.17,22.55,139,6.4,1177,1906,135.45,1,0,697.87
M1491,Movie_0491,2013,Adventure,English,PG-13,Nova Entertainment,173.4,69.98,144,8.6,126090,1105,203.91,0,0,1000.0
M1492,Movie_0492,2013,Comedy,Tamil,UA,DreamWorks India,28.75,4.49,120,6.1,9012,766,57.26,0,0,330.52
M1493,Movie_0493,2018,Action,English,UA,Prime Motion,139.08,60.17,120,6.3,19409,1722,207.53,0,0,1000.0
M1494,Movie_0494,2017,Thriller,Hindi,UA,Prime Motion,51.18,13.29,133,6.7,11850,1414,130.25,0,0,638.46
M1495,Movie_0495,2014,Action,English,A,DreamWorks India,29.47,3.63,120,7.6,84564,1206,72.97,0,1,519.22
M1496,Movie_0496,2020,Thriller,English,UA,BlueSky Films,32.86,8.74,127,7.0,500,2464,54.36,1,0,497.07
M1497,Movie_0497,2021,Comedy,English,U,Global Pictures,36.54,4.94,166,5.6,17600,1655,104.0,1,0,535.87
M1498,Movie_0498,2025,Comedy,Tamil,PG-13,CineStar,59.29,17.75,124,6.3,15603,2183,95.2,1,1,657.24
M1499,Movie_0499,2024,Action,Telugu,PG-13,Alpha Studios,63.21,14.65,122,6.3,9756,3271,161.89,1,0,856.62
M1500,Movie_0500,2017,Comedy,English,UA,Nova Entertainment,30.99,8.56,116,6.7,185078,1375,83.14,0,0,459.94
M1501,Movie_0501,2021,Thriller,Hindi,UA,Global Pictures,44.29,14.28,141,7.2,5432,1954,112.88,0,0,653.63
M1502,Movie_0502,2021,Action,English,UA,Nova Entertainment,181.12,73.66,125,7.2,51024,3582,482.77,0,0,1000.0
M1503,Movie_0503,2017,Comedy,Spanish,UA,Global Pictures,138.32,46.81,116,5.2,29116,599,213.49,0,0,1000.0
M1504,Movie_0504,2012,Action,Spanish,R,Alpha Studios,59.76,15.73,152,7.8,98832,300,64.37,0,0,511.4
M1505,Movie_0505,2015,Comedy,Hindi,PG-13,CineStar,46.13,18.01,154,7.0,7313,2527,67.44,0,0,465.18
M1506,Movie_0506,2021,Adventure,Hindi,UA,Alpha Studios,48.65,20.38,117,8.0,6691,2694,121.35,0,1,752.29
M1507,Movie_0507,2017,Animation,Tamil,UA,CineStar,67.05,10.7,94,7.2,79048,4483,194.74,1,0,951.38
M1508,Movie_0508,2017,Thriller,Telugu,UA,Nova Entertainment,23.15,6.84,146,7.8,31962,1983,39.02,1,1,429.9
M1509,Movie_0509,2022,Comedy,Hindi,A,BlueSky Films,38.07,8.14,116,7.2,2236,2817,105.6,1,0,560.51
M1510,Movie_0510,2023,Animation,Spanish,UA,CineStar,15.21,2.06,142,8.0,8691,1543,34.41,0,1,401.39
M1511,Movie_0511,2016,Drama,Hindi,PG-13,Global Pictures,58.33,19.87,93,7.3,30325,2632,110.1,0,0,577.42
M1512,Movie_0512,2012,Action,Hindi,PG-13,BlueSky Films,68.53,27.74,144,6.7,55776,4110,175.9,0,0,923.14
M1513,Movie_0513,2019,Animation,Tamil,UA,Nova Entertainment,32.87,5.71,106,8.8,7195,300,53.96,0,0,456.94
M1514,Movie_0514,2016,Drama,Hindi,R,DreamWorks India,125.18,48.58,141,7.6,500,3321,315.21,0,0,1000.0
M1515,Movie_0515,2023,Adventure,Telugu,PG-13,BlueSky Films,20.29,8.15,128,7.3,36478,3377,49.8,0,0,466.57
M1516,Movie_0516,2023,Horror,English,PG-13,CineStar,17.37,7.33,111,5.7,3465,1934,55.14,0,0,378.16
M1517,Movie_0517,2023,Drama,English,R,BlueSky Films,52.07,10.81,121,5.6,1181,3822,69.84,0,1,485.84
M1518,Movie_0518,2016,Sci-Fi,English,UA,Nova Entertainment,88.88,37.18,140,7.1,500,1936,131.48,0,1,806.11
M1519,Movie_0519,2018,Fantasy,English,UA,BlueSky Films,134.45,30.36,130,6.9,54014,2854,275.94,0,0,1000.0
M1520,Movie_0520,2015,Action,English,R,Nova Entertainment,33.39,10.09,139,6.2,21413,2069,87.58,0,0,451.73
M1521,Movie_0521,2017,Comedy,Spanish,PG-13,DreamWorks India,90.72,12.4,164,6.9,13273,300,120.09,0,0,651.74
M1522,Movie_0522,2024,Animation,Hindi,R,CineStar,43.89,5.9,100,8.2,117396,1141,68.97,0,0,467.56
M1523,Movie_0523,2015,Action,Tamil,U,Prime Motion,40.22,14.39,157,7.4,42553,1179,84.76,0,1,632.5
M1524,Movie_0524,2025,Sci-Fi,English,A,Global Pictures,79.92,21.31,130,5.8,159553,3393,134.11,0,0,802.63
M1525,Movie_0525,2014,Sci-Fi,Tamil,U,BlueSky Films,68.76,14.07,112,6.7,2746,3318,174.05,1,1,882.38
M1526,Movie_0526,2018,Drama,Hindi,UA,Prime Motion,16.15,2.95,104,6.1,17179,1928,51.21,1,0,355.47
M1527,Movie_0527,2019,Drama,Hindi,UA,Alpha Studios,117.5,40.08,125,6.5,2029,3739,167.09,0,0,895.89
M1528,Movie_0528,2015,Action,English,U,Global Pictures,110.36,13.26,145,6.4,13206,2568,185.21,0,0,899.05
M1529,Movie_0529,2024,Drama,English,U,BlueSky Films,29.97,11.57,126,6.4,12867,2964,87.99,0,0,516.64
M1530,Movie_0530,2013,Sci-Fi,Hindi,A,Global Pictures,58.2,8.51,155,5.7,41942,2354,107.29,0,0,577.27
M1531,Movie_0531,2023,Drama,Hindi,UA,Prime Motion,62.04,11.37,102,6.7,19141,2440,126.55,0,1,684.33
M1532,Movie_0532,2021,Animation,Spanish,U,Alpha Studios,53.31,13.19,128,6.3,41761,2045,67.56,0,0,583.26
M1533,Movie_0533,2025,Horror,Korean,UA,Global Pictures,31.47,8.81,105,4.2,46526,2575,88.91,0,0,551.39
M1534,Movie_0534,2014,Comedy,Spanish,UA,Prime Motion,29.08,6.9,135,8.6,330142,1632,43.61,0,0,437.93
M1535,Movie_0535,2012,Drama,Hindi,R,Global Pictures,44.26,10.0,144,7.8,11760,3066,119.44,0,0,569.58
M1536,Movie_0536,2019,Drama,Spanish,UA,Alpha Studios,96.44,42.25,120,6.5,5053,1429,168.92,0,0,836.08
M1537,Movie_0537,2014,Comedy,Tamil,UA,Alpha Studios,64.07,21.25,81,6.8,25092,1322,102.86,1,0,643.94
M1538,Movie_0538,2023,Romance,English,PG-13,Alpha Studios,35.37,4.52,132,5.7,6093,2653,88.6,0,0,481.66
M1539,Movie_0539,2021,Thriller,English,A,DreamWorks India,74.31,19.47,136,8.3,133089,2403,96.8,0,1,719.51
M1540,Movie_0540,2018,Action,English,PG-13,Nova Entertainment,7.06,2.89,135,8.5,12280,1127,22.95,1,0,317.91
M1541,Movie_0541,2021,Thriller,English,A,Nova Entertainment,94.95,20.84,150,6.9,8388,3616,174.22,1,1,985.15
M1542,Movie_0542,2016,Drama,English,R,Prime Motion,14.52,2.2,109,7.7,9526,1246,28.88,0,0,270.71
M1543,Movie_0543,2021,Romance,English,UA,Alpha Studios,35.55,13.16,140,7.0,47476,1904,107.22,0,1,573.72
M1544,Movie_0544,2016,Thriller,Telugu,R,Prime Motion,21.73,6.95,149,5.6,14547,2883,75.96,0,0,454.14
M1545,Movie_0545,2025,Drama,English,PG-13,Nova Entertainment,19.4,5.98,96,6.4,7569,2905,35.47,0,0,315.99
M1546,Movie_0546,2018,Sci-Fi,English,A,Global Pictures,95.7,13.18,134,6.9,170476,4365,206.2,1,1,1000.0
M1547,Movie_0547,2020,Adventure,Telugu,PG-13,Alpha Studios,33.2,5.52,119,6.4,5666,1803,72.08,1,0,562.52
M1548,Movie_0548,2023,Action,Tamil,A,BlueSky Films,56.37,18.34,127,6.6,18885,3499,174.95,0,0,763.97
M1549,Movie_0549,2016,Horror,Spanish,U,Alpha Studios,43.65,8.23,134,6.7,43422,1335,73.95,0,0,517.27
M1550,Movie_0550,2012,Thriller,Hindi,UA,Alpha Studios,61.36,17.57,119,6.7,1989,1495,127.72,0,1,639.93
M1551,Movie_0551,2021,Thriller,English,R,Nova Entertainment,47.3,14.18,116,6.8,34422,300,83.59,0,1,557.89
M1552,Movie_0552,2021,Horror,English,UA,Prime Motion,19.54,4.17,129,5.8,4331,3008,58.42,1,0,388.62
M1553,Movie_0553,2012,Drama,English,UA,CineStar,85.99,37.23,108,6.2,54659,1672,157.3,1,0,842.41
M1554,Movie_0554,2013,Comedy,English,PG-13,Global Pictures,32.65,12.99,108,5.6,4907,1925,58.82,0,1,416.4
M1555,Movie_0555,2025,Fantasy,English,UA,Nova Entertainment,16.36,5.86,140,7.7,45860,1072,47.72,0,0,400.25
M1556,Movie_0556,2017,Animation,Spanish,U,Prime Motion,34.07,4.97,107,4.9,80097,2635,74.02,0,0,465.39
M1557,Movie_0557,2020,Romance,English,PG-13,Prime Motion,119.36,18.5,140,7.8,57587,2376,291.35,0,0,1000.0
M1558,Movie_0558,2019,Drama,English,PG-13,Global Pictures,78.2,22.1,136,8.0,25270,1177,116.1,1,0,654.44
M1559,Movie_0559,2024,Horror,English,UA,Prime Motion,35.87,6.21,97,6.5,13172,2454,87.43,0,0,452.87
M1560,Movie_0560,2016,Comedy,Telugu,R,BlueSky Films,35.86,15.88,116,4.5,8266,859,95.25,0,0,386.11
M1561,Movie_0561,2012,Fantasy,English,UA,DreamWorks India,36.51,6.29,149,6.5,131140,1372,84.59,0,0,516.09
M1562,Movie_0562,2024,Drama,English,UA,CineStar,173.56,48.75,110,6.7,7001,425,420.13,1,0,1000.0
M1563,Movie_0563,2018,Thriller,English,U,BlueSky Films,57.68,13.85,120,5.9,4438,977,133.86,0,0,691.45
M1564,Movie_0564,2016,Action,English,A,BlueSky Films,59.51,19.7,136,6.3,44195,2531,117.36,1,0,633.05
M1565,Movie_0565,2017,Drama,English,UA,Global Pictures,87.91,14.29,142,8.2,6144,510,165.22,1,1,827.5
M1566,Movie_0566,2024,Romance,English,UA,CineStar,52.56,13.77,123,7.4,4991,901,64.17,1,0,551.03
M1567,Movie_0567,2018,Romance,English,PG-13,Global Pictures,38.03,8.01,117,6.0,2563,2107,78.88,0,0,415.99
M1568,Movie_0568,2014,Thriller,Tamil,U,DreamWorks India,39.61,16.36,154,5.4,9378,1657,74.65,0,1,542.59
M1569,Movie_0569,2023,Action,Hindi,PG-13,Prime Motion,42.95,5.73,159,6.5,16098,3946,133.39,0,0,735.18
M1570,Movie_0570,2021,Action,Telugu,A,Global Pictures,43.92,18.52,146,6.6,24991,3827,117.51,0,0,588.88
M1571,Movie_0571,2014,Drama,English,R,Alpha Studios,72.21,28.52,130,7.2,65016,1596,137.37,0,0,603.68
M1572,Movie_0572,2016,Action,English,A,Global Pictures,46.55,10.16,113,6.3,36659,2724,73.9,0,0,496.91
M1573,Movie_0573,2017,Fantasy,English,U,Prime Motion,72.45,27.56,113,7.3,13911,3237,191.33,0,1,965.51
M1574,Movie_0574,2020,Adventure,English,U,Alpha Studios,42.7,5.56,137,8.5,13774,1640,53.82,1,1,497.24
M1575,Movie_0575,2024,Drama,English,R,BlueSky Films,47.36,20.79,136,7.5,35840,864,54.91,0,0,372.5
M1576,Movie_0576,2025,Action,English,PG-13,DreamWorks India,12.28,3.61,153,6.8,100317,1582,32.83,0,0,361.41
M1577,Movie_0577,2023,Drama,Telugu,UA,Prime Motion,81.64,17.97,140,6.6,21346,2372,219.67,1,0,968.33
M1578,Movie_0578,2016,Comedy,Tamil,A,Nova Entertainment,56.37,13.51,101,6.5,9554,1912,161.98,1,0,698.94
M1579,Movie_0579,2012,Action,Telugu,UA,Alpha Studios,86.09,12.22,147,7.9,4711,3055,181.78,1,0,883.64
M1580,Movie_0580,2025,Comedy,English,R,DreamWorks India,6.85,3.06,110,6.2,2558,952,24.39,1,0,294.73
M1581,Movie_0581,2025,Comedy,Hindi,R,Global Pictures,174.88,23.25,121,6.8,44249,1633,221.24,1,0,1000.0
M1582,Movie_0582,2025,Fantasy,English,R,Nova Entertainment,41.1,13.81,133,6.8,39277,2246,112.24,0,0,582.51
M1583,Movie_0583,2015,Adventure,Hindi,R,Global Pictures,92.48,24.61,164,6.3,39244,3050,132.61,0,1,832.05
M1584,Movie_0584,2016,Drama,English,R,Prime Motion,22.89,9.91,184,5.6,15130,963,35.17,0,0,296.97
M1585,Movie_0585,2023,Fantasy,English,UA,BlueSky Films,67.02,13.48,139,7.1,120269,3353,92.77,0,0,659.37
M1586,Movie_0586,2021,Sci-Fi,Korean,PG-13,Prime Motion,22.69,6.71,125,6.7,9363,511,45.21,0,0,451.71
M1587,Movie_0587,2021,Fantasy,Hindi,PG-13,Prime Motion,30.0,8.38,138,7.3,65364,1517,68.04,0,0,523.52
M1588,Movie_0588,2016,Fantasy,English,R,Prime Motion,156.14,54.95,144,6.3,17082,2685,249.29,0,0,1000.0
M1589,Movie_0589,2018,Drama,English,A,Global Pictures,39.75,5.66,122,7.9,7917,1577,106.27,0,0,477.46
M1590,Movie_0590,2015,Romance,English,U,Alpha Studios,51.83,9.53,160,6.0,40056,1752,86.38,0,0,543.49
M1591,Movie_0591,2012,Action,Spanish,A,BlueSky Films,79.22,15.12,132,8.3,31292,4473,118.95,1,0,809.91
M1592,Movie_0592,2025,Comedy,Hindi,PG-13,DreamWorks India,62.11,22.58,137,5.2,29145,1554,117.22,0,1,674.04
M1593,Movie_0593,2025,Sci-Fi,Spanish,UA,BlueSky Films,49.62,9.05,140,7.2,20087,4505,127.35,1,0,769.62
M1594,Movie_0594,2016,Drama,English,UA,DreamWorks India,57.05,17.64,136,7.2,17102,2751,140.96,0,0,708.08
M1595,Movie_0595,2018,Romance,Hindi,A,CineStar,214.62,41.0,143,6.1,452448,3373,375.2,1,0,1000.0
M1596,Movie_0596,2021,Romance,Tamil,UA,Alpha Studios,43.35,17.53,117,7.2,89042,2604,103.82,1,1,691.17
M1597,Movie_0597,2021,Animation,English,UA,Alpha Studios,51.28,22.1,118,8.0,47759,4625,119.33,0,0,765.32
M1598,Movie_0598,2017,Thriller,English,U,DreamWorks India,89.08,25.93,108,4.8,20932,1548,199.89,0,0,894.65
M1599,Movie_0599,2016,Comedy,Hindi,R,Global Pictures,92.32,21.81,136,7.3,70107,1426,236.31,0,1,1000.0
M1600,Movie_0600,2015,Adventure,Hindi,PG-13,Nova Entertainment,97.34,19.2,142,4.6,36221,1844,104.89,1,0,731.95
M1601,Movie_0601,2013,Thriller,Telugu,U,Global Pictures,68.16,9.3,136,5.9,18648,2472,179.31,1,0,834.76
M1602,Movie_0602,2015,Comedy,Telugu,PG-13,CineStar,21.41,4.47,158,8.3,11947,537,42.73,1,0,360.84
M1603,Movie_0603,2021,Sci-Fi,Telugu,PG-13,DreamWorks India,130.11,43.7,128,6.3,16137,2895,209.62,0,0,1000.0
M1604,Movie_0604,2021,Drama,Hindi,U,CineStar,21.36,6.32,140,5.7,500,3091,75.57,0,0,404.49
M1605,Movie_0605,2014,Comedy,English,UA,DreamWorks India,54.78,23.64,108,6.6,23919,2454,118.17,1,0,624.56
M1606,Movie_0606,2021,Sci-Fi,English,A,CineStar,27.56,6.91,121,8.7,9308,1713,56.78,0,1,493.67
M1607,Movie_0607,2012,Drama,Telugu,UA,DreamWorks India,43.16,15.06,141,5.2,154543,1626,63.05,0,0,387.08
M1608,Movie_0608,2019,Comedy,Spanish,PG-13,Alpha Studios,55.72,15.68,143,5.9,18476,3173,95.17,0,0,567.18
M1609,Movie_0609,2016,Action,English,UA,CineStar,55.45,16.03,123,8.1,3615,1534,134.09,1,0,725.0
M1610,Movie_0610,2024,Thriller,English,UA,CineStar,59.2,12.34,127,8.5,16827,4135,137.31,0,1,799.8
M1611,Movie_0611,2015,Action,English,R,DreamWorks India,128.45,34.7,101,6.7,4384,5121,336.81,0,0,1000.0
M1612,Movie_0612,2019,Thriller,English,UA,BlueSky Films,60.43,16.64,122,5.7,34105,2617,101.16,0,0,629.82
M1613,Movie_0613,2018,Comedy,English,PG-13,BlueSky Films,38.4,13.56,144,8.7,26659,2104,67.54,1,0,539.86
M1614,Movie_0614,2013,Horror,Hindi,U,Alpha Studios,84.21,36.25,138,8.2,65592,3658,125.64,0,0,758.88
M1615,Movie_0615,2012,Thriller,English,UA,Global Pictures,97.5,22.3,137,7.4,6188,3864,195.57,0,0,966.37
M1616,Movie_0616,2023,Action,Tamil,UA,Global Pictures,20.26,2.71,129,6.1,18845,1207,64.52,0,0,420.62
M1617,Movie_0617,2022,Drama,Tamil,UA,Alpha Studios,66.35,18.83,128,6.8,2850,1902,152.37,1,0,752.12
M1618,Movie_0618,2015,Sci-Fi,Spanish,UA,Global Pictures,70.98,21.27,116,6.7,46404,1131,112.22,1,1,744.93
M1619,Movie_0619,2019,Sci-Fi,English,UA,Nova Entertainment,37.09,6.51,141,7.1,36264,2446,110.49,1,0,692.31
M1620,Movie_0620,2023,Drama,Hindi,A,Nova Entertainment,110.04,40.82,136,8.1,35152,3501,273.26,0,0,1000.0
M1621,Movie_0621,2013,Horror,English,PG-13,Nova Entertainment,40.82,18.17,137,7.6,18039,961,46.67,1,1,464.32
M1622,Movie_0622,2014,Sci-Fi,English,U,Prime Motion,48.83,21.1,119,5.8,31510,1827,122.89,0,1,696.28
M1623,Movie_0623,2023,Sci-Fi,Hindi,R,Prime Motion,40.21,7.44,89,8.0,156997,960,62.56,0,0,506.63
M1624,Movie_0624,2012,Sci-Fi,Tamil,UA,Nova Entertainment,45.46,18.59,148,7.1,12249,1394,76.81,0,1,558.36
M1625,Movie_0625,2012,Comedy,English,UA,DreamWorks India,22.07,7.78,119,7.4,21705,2255,45.88,0,0,314.13
M1626,Movie_0626,2024,Fantasy,Spanish,PG-13,BlueSky Films,17.65,4.76,112,8.1,4154,1218,40.57,1,0,412.48
M1627,Movie_0627,2014,Comedy,Tamil,UA,Alpha Studios,126.86,37.86,140,5.8,5574,2499,220.6,0,1,1000.0
M1628,Movie_0628,2022,Action,Telugu,UA,DreamWorks India,25.95,10.39,121,6.8,20540,640,42.04,0,0,418.71
M1629,Movie_0629,2016,Comedy,Telugu,U,Nova Entertainment,23.62,6.58,147,6.3,79892,2015,40.98,0,0,362.88
M1630,Movie_0630,2023,Action,English,PG-13,Alpha Studios,11.1,2.7,139,5.4,12735,1522,35.81,0,0,332.78
M1631,Movie_0631,2014,Action,Telugu,A,BlueSky Films,29.71,8.4,140,7.1,13090,1391,81.29,0,0,435.96
M1632,Movie_0632,2012,Animation,English,U,Global Pictures,19.04,5.92,103,9.1,10392,1637,57.64,0,0,464.02
M1633,Movie_0633,2012,Action,Korean,UA,DreamWorks India,130.84,23.86,150,5.1,8744,3084,207.71,0,0,1000.0
M1634,Movie_0634,2019,Romance,English,PG-13,BlueSky Films,86.75,36.2,133,6.8,26804,1728,135.51,0,1,796.29
M1635,Movie_0635,2021,Action,English,A,Alpha Studios,28.77,9.85,121,7.4,2384,779,44.7,0,0,378.04
M1636,Movie_0636,2022,Adventure,Hindi,U,CineStar,194.56,64.01,131,6.9,101457,5515,259.07,1,0,1000.0
M1637,Movie_0637,2023,Action,English,UA,DreamWorks India,85.18,13.02,96,6.7,7330,1912,160.77,0,1,866.24
M1638,Movie_0638,2024,Action,English,UA,Prime Motion,36.43,11.64,135,5.6,47700,2004,86.37,1,0,564.2
M1639,Movie_0639,2024,Animation,English,UA,Alpha Studios,8.86,1.42,109,7.0,3240,2071,27.35,1,0,313.65
M1640,Movie_0640,2023,Drama,Korean,PG-13,Alpha Studios,199.49,29.12,104,6.1,44402,6000,423.43,1,0,1000.0
M1641,Movie_0641,2025,Fantasy,English,UA,Prime Motion,18.24,5.36,101,4.8,44589,861,30.04,0,0,315.2
M1642,Movie_0642,2013,Thriller,English,UA,BlueSky Films,15.44,3.91,148,7.9,30236,1993,41.19,0,0,339.95
M1643,Movie_0643,2024,Thriller,English,R,Alpha Studios,87.47,27.49,117,7.7,4701,1845,205.29,1,0,985.56
M1644,Movie_0644,2014,Adventure,English,A,DreamWorks India,219.75,32.84,156,6.8,25210,2549,337.81,0,0,1000.0
M1645,Movie_0645,2013,Animation,English,A,Nova Entertainment,110.66,29.02,118,7.0,3644,1943,144.7,0,0,808.66
M1646,Movie_0646,2014,Action,Telugu,UA,Prime Motion,64.92,11.54,97,7.8,12796,1300,114.08,0,0,577.66
M1647,Movie_0647,2018,Sci-Fi,English,A,DreamWorks India,66.24,29.53,108,7.0,72246,2382,117.62,0,1,793.47
M1648,Movie_0648,2012,Action,English,A,Prime Motion,78.37,23.92,150,7.6,52768,1002,86.39,1,0,667.1
M1649,Movie_0649,2021,Drama,English,UA,Alpha Studios,73.7,25.56,125,6.5,18372,3452,212.19,0,0,892.69
M1650,Movie_0650,2019,Animation,English,R,BlueSky Films,54.02,12.28,118,8.0,4827,2354,136.98,0,0,726.38
M1651,Movie_0651,2024,Animation,English,R,DreamWorks India,48.15,7.28,131,7.1,43030,2624,82.15,0,1,529.5
M1652,Movie_0652,2021,Fantasy,Tamil,PG-13,CineStar,43.21,19.1,137,7.0,18477,1762,61.42,0,0,531.25
M1653,Movie_0653,2021,Sci-Fi,English,UA,Nova Entertainment,27.57,5.91,148,5.7,785,1653,69.83,0,1,455.8
M1654,Movie_0654,2021,Sci-Fi,English,UA,Prime Motion,37.5,9.74,154,7.1,51775,2349,71.54,0,0,592.89
M1655,Movie_0655,2025,Drama,Hindi,UA,Global Pictures,14.97,5.01,122,6.1,17420,875,30.2,0,1,351.97
M1656,Movie_0656,2013,Thriller,English,UA,BlueSky Films,42.21,5.41,104,6.2,91257,1848,49.18,0,0,424.05
M1657,Movie_0657,2014,Horror,Telugu,PG-13,BlueSky Films,23.67,9.17,121,6.1,4103,1214,44.92,1,0,343.23
M1658,Movie_0658,2020,Fantasy,English,UA,Global Pictures,21.96,6.52,133,5.8,500,1168,63.02,0,0,374.61
M1659,Movie_0659,2018,Animation,English,R,Global Pictures,50.58,10.71,111,8.7,26236,310,113.7,0,0,642.78
M1660,Movie_0660,2015,Drama,Tamil,U,DreamWorks India,111.21,15.61,111,8.0,26681,4269,160.1,0,0,851.18
M1661,Movie_0661,2021,Romance,English,UA,Alpha Studios,81.74,14.19,134,8.5,1836,1836,125.7,0,0,679.51
M1662,Movie_0662,2016,Comedy,Korean,A,Alpha Studios,16.21,6.73,127,5.7,4803,2515,43.92,1,0,410.28
M1663,Movie_0663,2013,Thriller,Hindi,UA,CineStar,23.65,8.19,129,6.9,742420,2692,36.37,1,0,437.23
M1664,Movie_0664,2024,Fantasy,Hindi,R,Nova Entertainment,82.94,16.79,114,5.6,11914,1214,206.64,0,0,847.01
M1665,Movie_0665,2022,Drama,Korean,R,Prime Motion,23.76,3.37,124,6.2,48287,1040,54.67,0,0,375.88
M1666,Movie_0666,2024,Comedy,Tamil,U,Alpha Studios,38.89,13.53,111,6.0,7478,4342,89.2,1,0,575.81
M1667,Movie_0667,2019,Drama,Hindi,U,CineStar,64.34,19.87,144,7.9,1070,4128,149.62,0,0,697.17
M1668,Movie_0668,2015,Thriller,Telugu,U,CineStar,23.98,6.08,147,6.4,14303,1855,65.73,0,0,403.86
M1669,Movie_0669,2020,Horror,English,PG-13,BlueSky Films,48.19,11.57,95,7.8,12576,2473,120.11,1,0,618.08
M1670,Movie_0670,2016,Action,English,UA,BlueSky Films,18.91,3.62,111,7.3,10491,1314,23.74,0,0,338.44
M1671,Movie_0671,2024,Drama,English,PG-13,Nova Entertainment,30.44,10.38,101,8.9,15419,2348,48.82,1,0,441.6
M1672,Movie_0672,2020,Action,English,UA,DreamWorks India,55.4,24.39,116,5.5,25716,1637,122.48,0,0,656.33
M1673,Movie_0673,2015,Sci-Fi,Tamil,A,Global Pictures,15.98,2.84,126,7.9,14698,300,26.6,0,0,345.0
M1674,Movie_0674,2021,Comedy,English,PG-13,Global Pictures,59.92,19.0,102,7.8,3267,1085,158.33,0,0,808.09
M1675,Movie_0675,2016,Drama,English,UA,Nova Entertainment,44.43,11.55,111,5.9,34699,2211,104.67,0,1,643.57
M1676,Movie_0676,2020,Sci-Fi,Tamil,UA,CineStar,64.44,17.23,110,7.7,1295,1293,165.96,0,0,800.51
M1677,Movie_0677,2019,Action,English,U,Nova Entertainment,52.05,10.61,132,7.1,1130,2218,74.06,0,0,528.21
M1678,Movie_0678,2014,Action,English,UA,Global Pictures,109.22,42.85,129,6.6,48826,1538,272.98,0,0,1000.0
M1679,Movie_0679,2012,Comedy,Hindi,UA,CineStar,48.82,13.68,115,6.1,35689,1526,78.39,0,0,445.17
M1680,Movie_0680,2014,Adventure,Hindi,UA,Global Pictures,34.04,10.19,131,6.2,16657,2767,105.94,0,0,506.87
M1681,Movie_0681,2015,Comedy,Telugu,R,DreamWorks India,48.72,10.75,118,8.6,2736,2471,82.35,0,0,502.3
M1682,Movie_0682,2013,Fantasy,English,R,BlueSky Films,64.06,11.53,123,6.8,6921,2393,127.53,0,1,753.72
M1683,Movie_0683,2012,Sci-Fi,English,PG-13,BlueSky Films,46.45,6.89,158,7.5,12624,3014,117.93,0,1,736.25
M1684,Movie_0684,2018,Thriller,Telugu,UA,CineStar,46.2,16.43,152,6.1,2087,2649,85.08,0,0,542.32
M1685,Movie_0685,2019,Thriller,English,PG-13,Nova Entertainment,28.51,5.27,105,6.1,6637,3124,78.3,0,0,491.26
M1686,Movie_0686,2018,Comedy,Hindi,UA,Global Pictures,29.25,10.17,143,7.8,43424,1603,86.45,0,0,491.9
M1687,Movie_0687,2025,Animation,Korean,UA,Alpha Studios,18.08,4.5,143,5.6,123622,1443,42.41,0,0,405.96
M1688,Movie_0688,2016,Adventure,English,UA,DreamWorks India,140.31,36.09,107,6.4,10217,1367,267.33,1,1,1000.0
M1689,Movie_0689,2023,Sci-Fi,English,U,Global Pictures,20.05,5.51,143,6.8,49980,1481,34.71,0,0,359.86
M1690,Movie_0690,2012,Horror,English,UA,Prime Motion,28.68,6.92,156,6.9,1358,2741,96.69,0,0,516.69
M1691,Movie_0691,2018,Adventure,Hindi,UA,Alpha Studios,28.21,4.32,108,6.6,43843,2998,87.11,1,0,549.22
M1692,Movie_0692,2024,Comedy,English,R,DreamWorks India,80.51,17.89,111,7.2,6080,3543,150.08,0,0,792.71
M1693,Movie_0693,2018,Drama,English,UA,DreamWorks India,37.15,12.59,146,7.4,27256,557,44.59,0,1,415.55
M1694,Movie_0694,2020,Drama,Tamil,R,BlueSky Films,101.26,34.4,133,7.5,12882,3888,224.4,1,0,1000.0
M1695,Movie_0695,2014,Thriller,English,UA,CineStar,29.05,6.23,138,5.9,107010,488,34.35,0,0,352.12
M1696,Movie_0696,2020,Comedy,English,UA,Global Pictures,53.95,14.66,134,6.5,5528,3147,75.71,1,0,573.53
M1697,Movie_0697,2025,Thriller,Tamil,UA,DreamWorks India,26.15,4.81,135,7.9,41998,1631,54.96,0,1,429.03
M1698,Movie_0698,2012,Comedy,English,PG-13,Global Pictures,181.46,34.37,104,7.6,12342,4013,238.95,0,0,1000.0
M1699,Movie_0699,2012,Romance,Telugu,U,DreamWorks India,20.8,2.65,147,5.6,14536,825,27.51,1,1,331.93
M1700,Movie_0700,2025,Thriller,Hindi,UA,Nova Entertainment,55.04,22.89,149,7.1,14043,3422,136.25,0,0,741.36
M1701,Movie_0701,2015,Thriller,English,UA,BlueSky Films,67.94,12.88,124,5.0,5747,977,78.02,0,1,567.33
M1702,Movie_0702,2020,Action,Korean,UA,CineStar,58.89,11.49,127,6.8,17660,1709,94.7,0,0,614.47
M1703,Movie_0703,2017,Adventure,English,PG-13,Alpha Studios,39.89,8.47,100,8.5,16540,1263,51.43,0,0,437.4
M1704,Movie_0704,2024,Drama,Spanish,UA,Alpha Studios,41.36,6.7,137,5.9,24929,608,80.55,0,0,483.27
M1705,Movie_0705,2022,Comedy,English,UA,Nova Entertainment,46.3,15.32,138,6.0,20175,2301,120.41,0,0,596.09
M1706,Movie_0706,2014,Horror,English,R,Prime Motion,40.9,5.92,127,7.5,52860,3735,123.44,0,0,584.86
M1707,Movie_0707,2012,Fantasy,English,UA,BlueSky Films,84.2,13.83,148,5.4,62621,5380,139.77,0,1,792.89
M1708,Movie_0708,2015,Action,English,PG-13,DreamWorks India,189.33,63.0,122,6.2,4358,3276,256.29,0,0,1000.0
M1709,Movie_0709,2023,Comedy,Telugu,PG-13,BlueSky Films,31.32,7.27,138,7.3,58160,2927,53.21,0,0,440.38
M1710,Movie_0710,2024,Adventure,Hindi,R,CineStar,18.47,6.53,110,6.2,3628,1928,38.27,0,0,414.16
M1711,Movie_0711,2020,Thriller,Tamil,UA,Alpha Studios,42.49,12.91,128,6.6,39804,2611,116.72,1,0,634.28
M1712,Movie_0712,2014,Fantasy,English,A,Global Pictures,240.68,49.22,125,7.5,41555,2877,323.11,0,1,1000.0
M1713,Movie_0713,2023,Drama,English,UA,Alpha Studios,26.69,8.93,132,7.2,1363,2084,43.44,0,0,312.86
M1714,Movie_0714,2020,Action,Hindi,PG-13,Prime Motion,130.59,20.68,121,7.0,20407,3502,175.62,1,1,1000.0
M1715,Movie_0715,2018,Sci-Fi,English,UA,Prime Motion,133.91,39.77,126,6.5,9563,2205,276.11,1,1,1000.0
M1716,Movie_0716,2023,Romance,Hindi,UA,Prime Motion,31.4,8.3,143,7.1,6462,1946,77.88,0,0,436.67
M1717,Movie_0717,2025,Comedy,Hindi,R,Prime Motion,65.14,13.57,120,6.7,111499,2355,144.42,1,0,715.7
M1718,Movie_0718,2015,Thriller,English,U,CineStar,129.69,41.41,99,7.2,7447,3835,317.89,0,1,1000.0
M1719,Movie_0719,2014,Fantasy,Tamil,R,DreamWorks India,35.17,14.33,159,6.4,6060,1166,68.55,1,0,467.15
M1720,Movie_0720,2021,Drama,Telugu,R,BlueSky Films,39.42,17.73,153,6.6,19936,2083,55.57,0,0,406.65
M1721,Movie_0721,2016,Drama,Hindi,UA,Alpha Studios,30.83,9.88,105,5.9,45418,3567,78.26,0,0,477.08
M1722,Movie_0722,2016,Animation,English,UA,Prime Motion,23.27,5.9,140,6.8,14867,2753,61.78,0,0,490.84
M1723,Movie_0723,2014,Drama,English,UA,Alpha Studios,29.51,5.73,119,6.1,86918,3072,79.93,1,1,501.6
M1724,Movie_0724,2023,Comedy,English,R,Prime Motion,20.31,4.16,133,5.8,36862,1821,52.96,0,0,370.77
M1725,Movie_0725,2020,Animation,English,U,Global Pictures,46.01,12.8,133,7.0,951,2502,119.69,0,0,654.1
M1726,Movie_0726,2015,Action,English,A,BlueSky Films,27.28,6.58,124,7.0,8807,2737,83.0,0,1,418.23
M1727,Movie_0727,2022,Animation,Tamil,PG-13,Global Pictures,52.39,22.08,114,7.5,8430,3743,154.35,1,0,801.42
M1728,Movie_0728,2016,Adventure,Hindi,R,Global Pictures,16.37,3.95,116,6.4,34381,344,32.57,1,0,380.29
M1729,Movie_0729,2015,Drama,Hindi,PG-13,Prime Motion,55.8,13.57,112,7.2,520,1072,125.05,0,0,569.49
M1730,Movie_0730,2016,Horror,English,A,DreamWorks India,77.36,19.07,113,7.3,562018,3868,140.36,0,0,723.91
M1731,Movie_0731,2018,Horror,Spanish,U,Alpha Studios,12.31,4.88,127,7.2,36864,1410,39.72,0,0,374.36
M1732,Movie_0732,2020,Comedy,English,UA,Nova Entertainment,57.39,19.21,115,6.1,22006,1695,150.53,0,0,702.22
M1733,Movie_0733,2018,Comedy,Tamil,U,BlueSky Films,99.95,32.25,140,6.9,88720,1307,171.84,1,0,940.81
M1734,Movie_0734,2024,Sci-Fi,Spanish,R,DreamWorks India,20.5,4.72,155,7.1,425942,1397,58.23,0,0,428.11
M1735,Movie_0735,2016,Drama,Telugu,PG-13,Nova Entertainment,133.46,52.04,118,6.8,58316,1230,283.13,0,0,1000.0
M1736,Movie_0736,2021,Fantasy,Spanish,PG-13,DreamWorks India,59.09,7.84,132,4.9,64797,4369,83.42,0,1,606.77
M1737,Movie_0737,2021,Comedy,Hindi,PG-13,Prime Motion,28.46,11.59,137,6.9,21473,1943,69.86,0,0,379.8
M1738,Movie_0738,2018,Horror,English,UA,Prime Motion,43.4,12.55,136,8.8,14869,2128,65.63,0,1,564.53
M1739,Movie_0739,2025,Action,English,U,DreamWorks India,64.69,16.26,129,6.5,9469,2988,196.51,0,1,922.98
M1740,Movie_0740,2021,Horror,English,UA,CineStar,47.28,13.43,141,6.1,5900,3104,131.53,0,0,666.4
M1741,Movie_0741,2016,Thriller,English,U,CineStar,63.87,21.73,137,7.1,7119,3330,92.91,0,1,648.18
M1742,Movie_0742,2014,Fantasy,Hindi,PG-13,DreamWorks India,24.74,3.07,106,7.1,2906,2726,38.87,0,0,454.19
M1743,Movie_0743,2018,Fantasy,English,UA,CineStar,50.24,20.48,144,7.9,16247,1677,108.54,0,1,705.58
M1744,Movie_0744,2024,Animation,Tamil,PG-13,BlueSky Films,17.95,4.8,144,5.7,1851,1535,40.25,0,0,406.46
M1745,Movie_0745,2022,Drama,English,PG-13,Alpha Studios,41.86,9.76,114,7.5,23291,2840,62.59,1,0,509.09
M1746,Movie_0746,2022,Comedy,English,UA,Nova Entertainment,25.01,4.14,129,7.3,17138,1489,51.13,0,0,350.25
M1747,Movie_0747,2013,Drama,Spanish,U,Prime Motion,27.9,7.39,140,6.7,21949,1948,62.65,0,0,406.31
M1748,Movie_0748,2023,Action,English,UA,BlueSky Films,100.5,28.52,124,7.1,8895,3128,144.53,1,0,895.77
M1749,Movie_0749,2020,Thriller,Telugu,UA,Alpha Studios,91.47,23.16,147,7.7,1146115,3470,227.51,0,0,1000.0
M1750,Movie_0750,2021,Thriller,Telugu,PG-13,CineStar,66.86,23.0,171,7.6,112902,662,160.2,0,0,781.43
M1751,Movie_0751,2021,Comedy,English,U,Nova Entertainment,22.12,5.73,114,5.8,3354,2380,75.2,0,0,391.41
M1752,Movie_0752,2023,Animation,English,PG-13,BlueSky Films,36.63,16.02,103,7.5,24649,1889,95.45,0,0,613.72
M1753,Movie_0753,2012,Action,English,PG-13,Global Pictures,99.01,31.46,133,6.7,7921,3454,158.75,0,0,910.9
M1754,Movie_0754,2024,Romance,Telugu,UA,Prime Motion,49.34,19.07,141,6.9,4575,2966,87.63,0,0,636.43
M1755,Movie_0755,2017,Animation,Hindi,PG-13,DreamWorks India,203.21,31.72,124,6.9,2948,5316,304.11,1,0,1000.0
M1756,Movie_0756,2018,Thriller,English,PG-13,Prime Motion,58.11,14.59,154,6.7,32261,3643,157.42,1,1,807.55
M1757,Movie_0757,2025,Horror,Telugu,PG-13,Alpha Studios,50.98,11.79,104,7.9,7174,3520,157.43,0,1,741.52
M1758,Movie_0758,2024,Horror,English,UA,Alpha Studios,36.81,11.33,140,6.7,66482,3327,114.22,0,0,586.94
M1759,Movie_0759,2019,Drama,Telugu,UA,Global Pictures,49.08,19.84,117,5.8,68853,2516,144.25,0,0,687.4
M1760,Movie_0760,2021,Action,Korean,UA,Global Pictures,40.75,5.94,159,6.4,115025,2174,94.21,0,0,518.04
M1761,Movie_0761,2020,Thriller,Korean,UA,DreamWorks India,71.3,10.26,164,7.0,5695,3349,124.4,0,0,780.96
M1762,Movie_0762,2013,Horror,Tamil,PG-13,CineStar,83.81,33.57,114,7.9,34196,3339,168.2,1,0,873.77
M1763,Movie_0763,2022,Fantasy,English,PG-13,Prime Motion,27.0,5.14,118,7.3,42274,1691,45.2,0,1,464.8
M1764,Movie_0764,2021,Drama,Spanish,R,BlueSky Films,18.94,6.45,143,6.0,9489,2065,38.99,1,0,354.81
M1765,Movie_0765,2013,Romance,English,U,BlueSky Films,13.64,4.08,121,9.0,6350,1608,36.67,0,0,376.03
M1766,Movie_0766,2016,Action,Hindi,U,BlueSky Films,62.61,24.72,127,7.0,158099,1554,112.95,1,0,711.23
M1767,Movie_0767,2024,Horror,English,PG-13,CineStar,21.97,3.54,128,7.9,24471,2809,65.31,0,0,418.81
M1768,Movie_0768,2016,Sci-Fi,Spanish,UA,Prime Motion,11.1,1.81,93,6.7,42475,1585,28.37,0,0,358.26
M1769,Movie_0769,2017,Sci-Fi,Telugu,UA,Prime Motion,57.93,17.6,128,7.3,5933,4307,117.31,0,0,761.35
M1770,Movie_0770,2014,Sci-Fi,Telugu,UA,DreamWorks India,227.49,98.35,116,7.6,3470,1105,386.31,0,0,1000.0
M1771,Movie_0771,2019,Adventure,English,U,BlueSky Films,44.82,11.52,119,7.9,8344,1697,92.28,0,1,641.53
M1772,Movie_0772,2024,Fantasy,Telugu,A,Alpha Studios,77.61,17.69,154,7.8,15225,2554,128.46,0,0,765.52
M1773,Movie_0773,2012,Fantasy,Telugu,UA,Alpha Studios,47.46,15.2,105,7.6,4278,3266,125.86,0,1,717.53
M1774,Movie_0774,2017,Action,Hindi,A,Alpha Studios,42.2,18.02,143,6.5,17762,2518,81.72,0,0,518.98
M1775,Movie_0775,2015,Thriller,English,PG-13,Global Pictures,81.78,32.4,123,6.3,1842,2878,173.9,1,0,848.69
M1776,Movie_0776,2012,Animation,English,UA,Global Pictures,37.26,16.71,123,7.1,3968,1130,98.4,0,0,573.89
M1777,Movie_0777,2018,Romance,English,R,CineStar,53.54,6.82,142,7.6,44527,1210,128.72,0,0,593.41
M1778,Movie_0778,2020,Comedy,English,UA,BlueSky Films,55.47,8.72,134,6.6,40669,2623,138.45,0,0,641.98
M1779,Movie_0779,2024,Fantasy,English,R,Global Pictures,29.15,9.36,138,7.8,10605,872,45.45,1,0,399.14
M1780,Movie_0780,2015,Action,English,UA,Alpha Studios,85.75,33.51,145,8.1,4555,2022,89.48,0,0,696.28
M1781,Movie_0781,2015,Drama,English,A,Global Pictures,40.16,8.6,122,6.0,4496,2576,82.79,0,0,473.3
M1782,Movie_0782,2017,Comedy,English,UA,Prime Motion,27.53,5.48,117,6.0,10874,1163,44.37,0,0,349.91
M1783,Movie_0783,2023,Comedy,English,PG-13,Alpha Studios,63.78,24.22,108,6.7,42968,3976,200.18,1,0,975.67
M1784,Movie_0784,2014,Horror,Spanish,A,BlueSky Films,25.09,3.48,113,7.1,63023,2853,77.72,1,0,420.28
M1785,Movie_0785,2024,Action,English,UA,Prime Motion,45.83,11.09,181,6.3,9207,789,52.6,0,1,503.15
M1786,Movie_0786,2023,Romance,English,R,CineStar,44.73,12.83,150,8.0,3792,1358,64.51,0,0,397.31
M1787,Movie_0787,2017,Fantasy,English,UA,DreamWorks India,91.15,27.79,104,7.2,25840,300,113.48,0,0,711.86
M1788,Movie_0788,2018,Sci-Fi,Hindi,UA,DreamWorks India,61.27,22.08,104,6.8,5921,1615,131.68,0,0,727.14
M1789,Movie_0789,2022,Thriller,Spanish,A,Prime Motion,44.27,10.5,137,5.5,8941,2878,106.41,0,0,558.96
M1790,Movie_0790,2021,Comedy,English,A,Alpha Studios,76.57,24.67,138,5.6,107715,2087,197.06,1,0,799.63
M1791,Movie_0791,2021,Comedy,English,UA,Global Pictures,111.09,34.79,138,7.1,54980,3277,295.64,1,1,1000.0
M1792,Movie_0792,2014,Drama,Spanish,UA,Global Pictures,64.67,19.45,123,4.9,22278,908,90.17,0,0,524.06
M1793,Movie_0793,2018,Action,English,R,Alpha Studios,45.3,15.01,126,7.7,3232,2923,78.49,0,1,607.16
M1794,Movie_0794,2025,Fantasy,English,PG-13,BlueSky Films,19.18,3.94,134,6.7,23944,1373,39.09,0,0,331.94
M1795,Movie_0795,2014,Action,English,U,Prime Motion,22.52,3.33,130,9.5,75562,1859,43.25,0,0,474.83
M1796,Movie_0796,2024,Thriller,English,UA,Alpha Studios,36.9,5.88,88,8.9,10840,2014,102.87,1,0,522.35
M1797,Movie_0797,2024,Action,Spanish,R,BlueSky Films,30.28,5.88,124,6.6,111539,956,60.45,0,0,390.38
M1798,Movie_0798,2013,Sci-Fi,English,PG-13,CineStar,39.85,11.36,113,6.7,103087,1127,91.51,0,0,550.08
M1799,Movie_0799,2023,Action,Spanish,R,CineStar,46.69,18.55,131,7.7,170104,3099,109.41,0,0,666.66
M1800,Movie_0800,2025,Action,Spanish,UA,Prime Motion,63.5,22.31,182,8.3,27179,2789,92.17,0,0,731.04
M1801,Movie_0801,2021,Romance,Hindi,PG-13,Alpha Studios,42.98,16.35,135,5.3,39779,3109,59.3,1,1,546.07
M1802,Movie_0802,2015,Animation,English,PG-13,CineStar,61.74,14.56,122,5.2,121452,2697,144.51,0,0,727.13
M1803,Movie_0803,2023,Romance,English,UA,Global Pictures,46.93,11.9,145,6.2,32928,2353,116.67,1,1,678.56
M1804,Movie_0804,2019,Drama,English,A,BlueSky Films,12.46,3.11,137,7.3,9149,469,20.86,0,0,159.59
M1805,Movie_0805,2024,Action,English,A,DreamWorks India,24.44,4.48,136,7.2,9824,1679,62.1,1,0,422.53
M1806,Movie_0806,2020,Thriller,Hindi,UA,DreamWorks India,40.98,5.75,139,7.8,24839,2125,105.35,0,1,586.7
M1807,Movie_0807,2018,Comedy,English,PG-13,CineStar,20.5,6.46,165,5.7,3152,3251,68.17,1,1,513.06
M1808,Movie_0808,2012,Romance,Spanish,PG-13,BlueSky Films,66.46,29.67,108,4.7,14834,3106,172.52,0,1,848.18
M1809,Movie_0809,2014,Drama,English,R,Global Pictures,121.71,21.31,137,7.6,79099,4594,217.84,0,0,1000.0
M1810,Movie_0810,2024,Horror,Hindi,PG-13,DreamWorks India,99.37,13.46,111,6.1,934,3337,204.79,0,0,951.57
M1811,Movie_0811,2023,Animation,Korean,UA,Global Pictures,39.17,14.78,138,5.0,142868,1506,91.32,0,0,598.34
M1812,Movie_0812,2025,Adventure,English,UA,Global Pictures,118.59,24.11,111,6.9,81906,2937,316.0,0,0,1000.0
M1813,Movie_0813,2020,Drama,English,PG-13,DreamWorks India,49.57,19.52,120,7.5,9676,2471,99.3,0,0,562.05
M1814,Movie_0814,2023,Comedy,English,UA,DreamWorks India,36.15,12.73,123,6.7,37485,1282,66.8,1,1,484.93
M1815,Movie_0815,2012,Comedy,English,UA,CineStar,30.2,13.05,146,6.4,18076,1678,47.45,0,1,378.32
M1816,Movie_0816,2020,Horror,English,UA,Prime Motion,36.97,9.42,145,6.7,94713,1918,59.55,1,0,427.67
M1817,Movie_0817,2019,Romance,English,U,BlueSky Films,34.96,11.83,106,6.5,67829,3422,94.1,1,0,591.98
M1818,Movie_0818,2012,Action,English,PG-13,Alpha Studios,50.27,13.74,129,5.6,2719,336,120.44,0,1,591.66
M1819,Movie_0819,2017,Comedy,Spanish,UA,BlueSky Films,49.95,16.39,115,6.2,39772,3372,112.68,0,0,600.36
M1820,Movie_0820,2016,Comedy,English,UA,Alpha Studios,45.09,12.1,105,7.3,13636,1357,69.25,0,0,407.33
M1821,Movie_0821,2017,Action,English,R,DreamWorks India,59.78,10.89,124,7.1,20129,1036,87.6,0,0,517.29
M1822,Movie_0822,2021,Adventure,English,PG-13,Global Pictures,97.57,28.06,122,7.0,6735,3958,199.92,0,0,981.95
M1823,Movie_0823,2023,Action,English,PG-13,BlueSky Films,83.42,24.56,172,5.9,190634,3335,138.82,1,1,806.23
M1824,Movie_0824,2024,Fantasy,English,A,Global Pictures,17.14,6.64,136,6.6,73292,2615,50.26,0,0,508.81
M1825,Movie_0825,2024,Romance,Spanish,PG-13,BlueSky Films,8.56,3.1,103,4.8,6630,1928,25.89,0,0,225.84
M1826,Movie_0826,2024,Action,English,PG-13,Prime Motion,82.6,28.0,118,7.0,2970,4718,130.06,0,0,848.87
M1827,Movie_0827,2016,Action,English,A,Nova Entertainment,18.51,2.91,146,8.1,10694,2164,43.37,1,1,437.87
M1828,Movie_0828,2017,Romance,English,R,BlueSky Films,38.88,13.91,166,5.5,32360,1985,100.47,0,1,518.35
M1829,Movie_0829,2016,Comedy,English,UA,Global Pictures,21.03,6.0,99,6.3,24894,2074,34.64,0,0,331.11
M1830,Movie_0830,2022,Sci-Fi,English,R,Nova Entertainment,13.95,5.79,94,7.1,97719,2476,37.62,0,0,388.87
M1831,Movie_0831,2023,Thriller,Hindi,UA,CineStar,63.98,27.1,162,7.9,52287,1636,136.32,0,0,755.05
M1832,Movie_0832,2016,Drama,English,UA,Prime Motion,73.71,10.19,135,6.4,66638,1825,153.08,1,0,703.16
M1833,Movie_0833,2015,Adventure,English,U,DreamWorks India,30.94,12.09,112,6.2,27983,1750,61.31,1,0,497.35
M1834,Movie_0834,2014,Sci-Fi,Hindi,UA,CineStar,8.35,1.11,138,5.0,2758,300,14.75,0,0,237.14
M1835,Movie_0835,2014,Fantasy,English,A,CineStar,31.55,7.61,81,6.9,13820,2126,79.54,0,0,435.67
M1836,Movie_0836,2015,Drama,English,R,BlueSky Films,58.05,17.36,128,8.6,75300,535,127.62,0,0,606.05
M1837,Movie_0837,2020,Romance,Spanish,R,DreamWorks India,17.21,2.91,134,7.0,16790,1767,31.81,0,0,362.35
M1838,Movie_0838,2013,Comedy,English,R,Prime Motion,50.7,18.57,145,6.8,35500,3068,93.05,0,1,598.19
M1839,Movie_0839,2020,Comedy,Telugu,UA,Nova Entertainment,44.55,5.47,110,7.1,11705,1766,64.55,0,0,476.11
M1840,Movie_0840,2012,Romance,English,R,BlueSky Films,65.58,11.52,130,6.8,4482,4075,87.29,0,0,551.51
M1841,Movie_0841,2025,Thriller,English,UA,Alpha Studios,48.64,15.16,111,6.1,15238,902,100.84,1,1,610.87
M1842,Movie_0842,2012,Horror,English,R,BlueSky Films,23.91,8.5,133,7.5,27319,2793,36.38,0,0,362.88
M1843,Movie_0843,2016,Sci-Fi,English,UA,Nova Entertainment,97.95,41.38,112,7.0,7427,3410,188.25,1,0,990.49
M1844,Movie_0844,2017,Adventure,English,UA,Global Pictures,40.59,14.32,121,6.8,13094,638,89.75,0,0,550.45
M1845,Movie_0845,2017,Adventure,English,R,Prime Motion,44.21,15.11,110,5.9,5063,4619,79.54,0,0,565.77
M1846,Movie_0846,2014,Drama,Korean,R,Prime Motion,24.53,6.14,140,8.0,81561,1841,63.29,1,0,392.94
M1847,Movie_0847,2018,Adventure,Hindi,PG-13,BlueSky Films,33.73,4.06,143,7.4,12095,1312,74.52,0,0,520.89
M1848,Movie_0848,2020,Horror,English,PG-13,Alpha Studios,25.32,4.04,124,6.3,127943,808,38.61,0,1,345.12
M1849,Movie_0849,2022,Animation,Hindi,UA,BlueSky Films,40.22,11.92,129,7.7,141766,1946,102.5,0,0,603.62
M1850,Movie_0850,2023,Sci-Fi,Korean,PG-13,Nova Entertainment,136.9,46.93,102,6.4,16134,2754,315.74,0,0,1000.0
M1851,Movie_0851,2021,Sci-Fi,Telugu,A,Prime Motion,18.45,4.75,123,6.1,4613,1834,41.14,1,0,407.1
M1852,Movie_0852,2019,Drama,English,U,Alpha Studios,15.77,5.69,127,6.1,1077,1486,25.46,1,0,313.19
M1853,Movie_0853,2017,Adventure,Korean,U,DreamWorks India,117.09,34.21,175,5.2,2467,3517,221.67,0,0,977.51
M1854,Movie_0854,2023,Horror,English,U,Nova Entertainment,39.28,5.67,108,7.2,2817,1789,100.56,0,0,561.06
M1855,Movie_0855,2019,Fantasy,English,PG-13,Prime Motion,29.13,5.34,154,5.2,115735,411,60.55,0,0,423.45
M1856,Movie_0856,2023,Horror,English,U,BlueSky Films,88.46,35.14,146,5.7,21046,2445,112.87,0,0,685.51
M1857,Movie_0857,2016,Action,Korean,UA,Prime Motion,30.36,10.9,133,4.9,30457,300,63.47,0,0,407.06
M1858,Movie_0858,2019,Action,Spanish,UA,Alpha Studios,147.46,61.24,160,6.7,898,3388,276.72,0,0,1000.0
M1859,Movie_0859,2021,Comedy,Spanish,A,Nova Entertainment,69.92,11.1,135,6.7,3571,1472,136.83,0,1,581.06
M1860,Movie_0860,2023,Adventure,English,PG-13,DreamWorks India,32.77,14.64,135,6.5,59616,2168,93.99,0,0,523.84
M1861,Movie_0861,2015,Sci-Fi,Spanish,PG-13,Global Pictures,182.9,34.59,127,5.9,26509,4802,344.14,0,0,1000.0
M1862,Movie_0862,2021,Sci-Fi,English,UA,CineStar,30.35,3.76,150,5.7,14755,1219,74.72,0,1,483.77
M1863,Movie_0863,2019,Animation,English,UA,Alpha Studios,72.9,32.74,148,7.2,38586,3559,189.62,0,0,931.69
M1864,Movie_0864,2021,Comedy,English,UA,Global Pictures,54.66,11.63,117,6.3,163808,1900,118.81,1,0,646.52
M1865,Movie_0865,2023,Adventure,English,R,DreamWorks India,104.88,35.71,104,7.1,13355,4667,155.88,1,0,973.84
M1866,Movie_0866,2013,Thriller,Hindi,UA,Global Pictures,124.17,22.14,124,6.0,19767,2411,290.84,0,0,1000.0
M1867,Movie_0867,2023,Drama,English,UA,BlueSky Films,45.95,14.31,114,7.0,23344,1451,129.79,0,0,607.1
M1868,Movie_0868,2023,Horror,Spanish,PG-13,CineStar,27.58,11.54,127,8.0,454737,2493,39.34,1,1,501.86
M1869,Movie_0869,2016,Comedy,English,UA,Alpha Studios,60.68,13.69,150,7.3,1057,1948,114.79,1,0,670.5
M1870,Movie_0870,2020,Horror,English,PG-13,Nova Entertainment,28.97,9.88,120,6.4,45273,1292,46.52,1,1,484.47
M1871,Movie_0871,2015,Comedy,Spanish,UA,Prime Motion,166.56,30.32,127,7.0,15415,2454,363.12,0,0,1000.0
M1872,Movie_0872,2022,Comedy,English,PG-13,DreamWorks India,49.18,16.04,129,6.6,38687,2208,125.16,1,0,646.3
M1873,Movie_0873,2017,Horror,Hindi,U,CineStar,35.49,8.2,143,6.8,7410,3211,75.23,0,0,491.05
M1874,Movie_0874,2012,Drama,Hindi,UA,DreamWorks India,50.74,9.63,88,6.5,16848,473,121.07,1,1,671.96
M1875,Movie_0875,2020,Animation,English,UA,Prime Motion,18.75,4.19,117,6.7,47029,1784,30.06,1,1,465.7
M1876,Movie_0876,2012,Action,Hindi,PG-13,Global Pictures,23.93,4.28,132,7.0,1203272,2358,66.59,0,0,458.56
M1877,Movie_0877,2016,Comedy,English,R,DreamWorks India,98.19,41.01,150,5.9,53582,2885,203.41,1,0,900.29
M1878,Movie_0878,2015,Comedy,Korean,UA,DreamWorks India,29.36,7.37,119,5.9,5728,3036,54.53,0,0,456.07
M1879,Movie_0879,2024,Horror,English,PG-13,Global Pictures,22.79,4.58,94,5.6,10158,1799,45.04,1,0,425.0
M1880,Movie_0880,2023,Thriller,English,PG-13,Global Pictures,63.78,17.09,139,5.4,9759,2219,94.5,0,0,549.65
M1881,Movie_0881,2024,Action,English,R,Prime Motion,97.26,21.96,117,5.7,1594,3313,229.72,1,1,1000.0
M1882,Movie_0882,2024,Animation,English,PG-13,CineStar,71.81,26.26,107,6.9,11527,2573,147.85,0,0,839.33
M1883,Movie_0883,2025,Adventure,Hindi,U,Alpha Studios,85.98,37.87,117,6.0,48409,2173,114.67,0,0,783.72
M1884,Movie_0884,2014,Drama,Spanish,PG-13,Global Pictures,27.52,7.28,125,7.3,3222,2356,56.3,0,0,330.58
M1885,Movie_0885,2024,Comedy,Telugu,UA,CineStar,17.86,7.22,117,6.8,74130,1280,32.85,0,0,313.52
M1886,Movie_0886,2017,Romance,English,U,Prime Motion,119.41,36.63,88,5.0,34773,2105,284.39,0,0,1000.0
M1887,Movie_0887,2013,Animation,Spanish,UA,DreamWorks India,36.49,6.27,144,7.4,6680,1636,81.23,0,0,534.73
M1888,Movie_0888,2014,Drama,English,R,DreamWorks India,38.23,13.3,151,7.5,14869,3281,67.85,0,1,519.57
M1889,Movie_0889,2016,Thriller,Hindi,R,Nova Entertainment,106.7,30.88,140,5.9,155727,300,192.82,0,0,916.13
M1890,Movie_0890,2020,Thriller,Hindi,PG-13,BlueSky Films,64.6,21.62,108,7.2,48456,2797,74.67,0,0,611.76
M1891,Movie_0891,2013,Fantasy,English,R,Global Pictures,60.52,25.03,124,6.0,18214,2402,162.94,1,0,786.63
M1892,Movie_0892,2021,Sci-Fi,Tamil,PG-13,Prime Motion,183.81,48.77,128,6.9,13059,976,436.06,0,0,1000.0
M1893,Movie_0893,2019,Thriller,English,U,CineStar,29.62,12.36,139,5.7,19961,2232,73.93,0,0,463.41
M1894,Movie_0894,2025,Adventure,Hindi,UA,Nova Entertainment,82.25,30.24,140,5.2,9020,3055,213.77,0,0,984.64
M1895,Movie_0895,2013,Adventure,Telugu,U,CineStar,46.7,13.13,115,6.5,1050,2756,125.07,0,0,703.29
M1896,Movie_0896,2022,Action,Korean,U,Alpha Studios,53.58,17.1,129,6.7,283528,300,119.85,0,1,652.91
M1897,Movie_0897,2024,Romance,Korean,UA,Nova Entertainment,121.53,27.64,136,6.4,22199,4396,274.46,0,0,1000.0
M1898,Movie_0898,2016,Thriller,English,UA,Prime Motion,62.6,27.83,154,5.7,30810,1668,106.32,1,0,637.94
M1899,Movie_0899,2018,Adventure,Hindi,PG-13,CineStar,63.85,21.72,141,6.4,16646,3075,98.95,0,1,728.74
M1900,Movie_0900,2019,Horror,English,R,Global Pictures,90.36,12.15,142,7.0,6672,3412,169.02,0,0,809.23
M1901,Movie_0901,2012,Romance,English,A,CineStar,35.5,8.09,130,6.8,14004,1329,80.94,0,1,516.07
M1902,Movie_0902,2017,Thriller,Korean,R,BlueSky Films,26.08,8.49,153,7.0,2077,2438,42.71,0,0,352.6
M1903,Movie_0903,2012,Horror,Spanish,UA,DreamWorks India,22.82,3.16,135,6.2,389334,1563,45.03,0,0,365.31
M1904,Movie_0904,2013,Fantasy,Korean,R,DreamWorks India,12.54,1.6,113,7.9,3400,300,21.11,1,1,356.8
M1905,Movie_0905,2012,Comedy,English,UA,Nova Entertainment,171.26,45.99,153,5.7,4469,4540,243.55,0,1,1000.0
M1906,Movie_0906,2022,Comedy,Korean,UA,CineStar,21.97,5.05,141,7.2,9934,1255,48.44,0,0,398.72
M1907,Movie_0907,2016,Drama,Spanish,R,CineStar,38.97,10.31,120,7.9,102439,1380,100.95,0,0,558.41
M1908,Movie_0908,2021,Comedy,English,UA,CineStar,37.59,7.77,119,7.2,18356,1756,98.85,1,0,561.71
M1909,Movie_0909,2020,Action,English,UA,CineStar,54.95,9.58,133,6.6,3392,2570,129.49,0,1,730.46
M1910,Movie_0910,2017,Romance,Telugu,UA,BlueSky Films,76.47,26.57,136,6.3,97878,2452,171.25,0,0,792.65
M1911,Movie_0911,2022,Sci-Fi,Hindi,PG-13,Global Pictures,78.73,22.82,132,7.7,48289,3097,159.41,0,1,871.71
M1912,Movie_0912,2022,Romance,Spanish,R,BlueSky Films,30.8,5.73,134,5.5,37235,904,41.82,0,0,362.68
M1913,Movie_0913,2012,Comedy,English,U,Prime Motion,40.37,9.1,159,5.9,47304,1490,107.05,1,0,528.95
M1914,Movie_0914,2024,Drama,Telugu,R,Prime Motion,54.07,17.05,147,6.4,456122,2194,103.88,0,0,530.86
M1915,Movie_0915,2012,Comedy,Tamil,U,BlueSky Films,38.28,5.51,131,7.9,343865,3753,72.83,0,0,494.53
M1916,Movie_0916,2013,Action,English,UA,BlueSky Films,127.92,21.58,145,7.1,7122,2723,292.54,1,1,1000.0
M1917,Movie_0917,2020,Drama,Korean,UA,DreamWorks India,61.92,8.93,109,5.9,161195,3440,110.94,0,0,671.06
M1918,Movie_0918,2014,Action,English,PG-13,Prime Motion,72.55,28.16,135,6.5,30194,2518,132.16,0,1,731.03
M1919,Movie_0919,2012,Action,English,U,BlueSky Films,69.24,25.5,161,6.2,35309,1965,97.25,0,0,574.53
M1920,Movie_0920,2016,Sci-Fi,English,A,CineStar,96.49,35.56,124,6.2,1832,2393,147.04,0,0,801.97
M1921,Movie_0921,2018,Action,English,UA,BlueSky Films,50.62,18.04,113,7.7,14301,2109,93.08,0,1,673.16
M1922,Movie_0922,2017,Fantasy,Telugu,U,CineStar,19.37,6.6,116,5.6,6007,2222,32.5,1,0,372.3
M1923,Movie_0923,2023,Drama,Spanish,PG-13,Nova Entertainment,58.35,16.19,108,8.2,55050,3667,148.21,0,0,748.59
M1924,Movie_0924,2012,Fantasy,English,UA,Prime Motion,29.47,9.78,114,7.5,76426,2270,89.86,0,0,515.16
M1925,Movie_0925,2016,Action,English,UA,Global Pictures,31.91,4.23,121,7.8,1093,2999,61.32,1,1,521.11
M1926,Movie_0926,2016,Drama,English,UA,DreamWorks India,65.88,21.42,103,6.4,17472,1464,166.64,0,1,795.75
M1927,Movie_0927,2017,Comedy,Hindi,A,Global Pictures,100.64,37.91,128,6.7,81849,2234,149.04,0,0,832.08
M1928,Movie_0928,2014,Sci-Fi,Spanish,PG-13,Nova Entertainment,45.63,13.01,144,5.5,13990,1553,74.91,0,1,538.16
M1929,Movie_0929,2016,Comedy,Hindi,U,Global Pictures,55.0,13.09,112,6.3,48163,2610,80.24,1,0,594.86
M1930,Movie_0930,2018,Animation,Hindi,UA,DreamWorks India,136.06,28.78,155,7.2,28917,2475,278.88,1,0,1000.0
M1931,Movie_0931,2016,Thriller,Hindi,UA,CineStar,52.62,17.48,137,8.0,28548,2970,111.66,1,1,754.35
M1932,Movie_0932,2016,Comedy,English,UA,Nova Entertainment,244.14,85.11,147,5.8,12479,2078,469.15,1,0,1000.0
M1933,Movie_0933,2016,Action,Telugu,R,Nova Entertainment,64.99,26.48,116,6.5,3483,2454,162.67,0,1,812.68
M1934,Movie_0934,2021,Comedy,Hindi,PG-13,CineStar,14.33,3.34,143,6.7,3960,2116,35.46,0,0,372.7
M1935,Movie_0935,2021,Horror,Hindi,A,CineStar,73.43,27.46,108,5.5,46899,385,155.18,1,0,799.79
M1936,Movie_0936,2014,Animation,Korean,UA,DreamWorks India,57.65,17.6,144,7.3,18479,4372,166.57,0,0,801.14
M1937,Movie_0937,2012,Comedy,Tamil,PG-13,Prime Motion,104.06,42.81,131,6.1,14930,2398,180.94,0,0,894.04
M1938,Movie_0938,2016,Action,Tamil,PG-13,BlueSky Films,69.7,20.5,138,6.6,10156,421,110.56,0,0,590.43
M1939,Movie_0939,2025,Drama,Spanish,A,Prime Motion,41.13,11.96,107,6.4,11921,2290,94.34,0,0,486.74
M1940,Movie_0940,2020,Sci-Fi,Spanish,PG-13,Alpha Studios,20.31,6.31,112,6.1,73973,1827,46.7,1,0,441.0
M1941,Movie_0941,2025,Comedy,Hindi,PG-13,BlueSky Films,39.28,14.43,139,6.8,11447,2055,72.18,0,0,437.33
M1942,Movie_0942,2012,Comedy,English,A,Prime Motion,25.89,11.35,111,6.6,2944,2692,60.13,0,0,411.62
M1943,Movie_0943,2014,Action,English,UA,BlueSky Films,30.86,4.45,136,6.5,49121,2614,81.01,1,1,579.17
M1944,Movie_0944,2024,Adventure,Tamil,PG-13,Global Pictures,65.97,9.08,103,6.1,13650,2715,125.53,0,0,702.9
M1945,Movie_0945,2024,Action,English,UA,Alpha Studios,133.23,57.21,143,7.1,18779,3417,196.92,0,0,1000.0
M1946,Movie_0946,2015,Drama,English,PG-13,CineStar,58.16,17.15,106,8.3,157685,2245,151.99,0,1,749.83
M1947,Movie_0947,2025,Drama,English,PG-13,BlueSky Films,20.68,6.68,138,6.9,17507,3127,67.27,1,0,540.02
M1948,Movie_0948,2012,Fantasy,Telugu,PG-13,Prime Motion,60.08,16.77,139,7.7,26596,933,103.17,1,1,665.22
M1949,Movie_0949,2012,Action,English,UA,DreamWorks India,97.95,14.78,115,5.5,3664,2824,200.36,1,0,899.0
M1950,Movie_0950,2019,Drama,English,UA,BlueSky Films,30.27,11.31,138,6.9,13380,2045,85.04,0,0,397.1
M1951,Movie_0951,2013,Drama,English,U,CineStar,41.25,15.12,133,5.8,40986,2868,75.95,0,1,545.96
M1952,Movie_0952,2023,Drama,Telugu,PG-13,Prime Motion,45.43,10.13,118,5.5,2204,1443,69.3,1,0,429.01
M1953,Movie_0953,2019,Thriller,English,R,BlueSky Films,27.02,5.97,110,6.1,23606,555,51.42,1,0,381.93
M1954,Movie_0954,2018,Adventure,English,PG-13,Nova Entertainment,68.58,27.19,93,7.9,20623,2601,177.74,0,0,940.27
M1955,Movie_0955,2021,Action,Hindi,U,Global Pictures,41.6,5.98,134,7.7,19031,2405,53.31,0,0,507.71
M1956,Movie_0956,2021,Horror,Hindi,R,Global Pictures,59.11,24.28,100,7.0,73005,3790,178.13,1,0,856.66
M1957,Movie_0957,2013,Comedy,English,R,BlueSky Films,25.27,5.17,130,5.4,28271,914,44.52,1,1,358.7
M1958,Movie_0958,2017,Action,Hindi,UA,Global Pictures,33.86,10.69,123,6.6,132392,3016,73.38,1,0,565.82
M1959,Movie_0959,2017,Animation,English,A,DreamWorks India,71.97,30.87,140,7.1,4706,4870,156.42,1,0,874.39
M1960,Movie_0960,2014,Animation,Tamil,PG-13,Alpha Studios,35.32,12.14,123,7.0,21625,1750,51.26,0,1,519.41
M1961,Movie_0961,2022,Horror,English,PG-13,BlueSky Films,138.27,35.5,122,5.1,20174,1374,304.5,0,0,1000.0
M1962,Movie_0962,2013,Adventure,English,R,DreamWorks India,34.71,12.06,141,6.0,4249,1718,94.75,0,0,517.3
M1963,Movie_0963,2023,Comedy,Tamil,U,Nova Entertainment,52.08,12.16,134,6.7,65455,2294,96.86,0,1,635.61
M1964,Movie_0964,2012,Drama,Telugu,A,DreamWorks India,82.5,17.45,134,7.3,415166,3150,219.85,1,1,1000.0
M1965,Movie_0965,2017,Comedy,English,PG-13,DreamWorks India,17.9,8.03,136,4.8,17591,1324,57.65,0,0,350.31
M1966,Movie_0966,2023,Fantasy,English,R,Nova Entertainment,14.33,5.27,100,6.7,35593,2703,55.43,0,0,421.76
M1967,Movie_0967,2016,Action,Tamil,R,CineStar,16.69,5.55,142,6.9,20175,934,38.3,0,0,349.46
M1968,Movie_0968,2025,Fantasy,Telugu,R,BlueSky Films,102.24,24.26,139,7.6,6869,779,174.87,0,0,899.52
M1969,Movie_0969,2025,Drama,English,UA,BlueSky Films,31.44,4.28,110,7.4,1540,2921,79.8,0,0,440.2
M1970,Movie_0970,2022,Sci-Fi,Hindi,PG-13,BlueSky Films,237.34,30.91,124,7.3,6941,300,222.06,0,1,1000.0
M1971,Movie_0971,2020,Comedy,English,UA,Alpha Studios,31.18,9.44,127,6.1,2748,1839,77.97,0,1,458.24
M1972,Movie_0972,2012,Comedy,English,UA,DreamWorks India,50.74,18.85,126,5.1,179631,5158,78.54,0,1,610.03
M1973,Movie_0973,2018,Thriller,English,UA,BlueSky Films,122.61,36.46,134,6.4,15409,2812,303.76,1,0,1000.0
M1974,Movie_0974,2016,Thriller,English,PG-13,Global Pictures,165.77,65.89,154,7.7,11283,1650,411.74,0,1,1000.0
M1975,Movie_0975,2016,Adventure,English,R,CineStar,171.85,22.52,147,8.1,59783,3003,242.93,0,0,1000.0
M1976,Movie_0976,2025,Adventure,English,UA,Nova Entertainment,98.7,23.79,104,7.4,3959,2621,169.22,0,0,899.57
M1977,Movie_0977,2013,Drama,English,U,Nova Entertainment,87.56,17.36,139,7.2,6392,2769,157.81,0,0,769.6
M1978,Movie_0978,2022,Thriller,English,PG-13,Alpha Studios,66.14,17.7,152,7.1,19732,3078,141.71,0,0,755.93
M1979,Movie_0979,2014,Comedy,English,A,Prime Motion,74.63,10.74,135,6.3,72183,1435,117.56,1,1,677.93
M1980,Movie_0980,2018,Horror,English,R,Nova Entertainment,31.45,13.68,148,6.7,35433,3400,91.78,1,0,571.77
M1981,Movie_0981,2017,Romance,Telugu,UA,CineStar,26.44,5.12,164,8.3,25168,2119,58.27,0,0,420.45
M1982,Movie_0982,2023,Sci-Fi,English,U,Prime Motion,44.9,19.05,146,6.0,20001,2852,62.6,0,1,582.86
M1983,Movie_0983,2013,Drama,Telugu,UA,DreamWorks India,40.29,10.5,132,8.3,30897,1590,48.47,1,0,424.46
M1984,Movie_0984,2017,Comedy,English,U,Nova Entertainment,33.52,14.92,147,6.5,23632,3119,61.59,1,1,583.12
M1985,Movie_0985,2013,Fantasy,English,UA,Prime Motion,70.76,21.43,131,8.0,4481,2204,186.42,0,0,871.49
M1986,Movie_0986,2013,Horror,Hindi,U,Prime Motion,83.73,35.77,128,5.5,19155,2861,214.45,0,0,901.95
M1987,Movie_0987,2013,Romance,Spanish,UA,Nova Entertainment,47.66,5.8,122,7.3,4224,1379,82.33,0,1,589.3
M1988,Movie_0988,2025,Comedy,English,U,Global Pictures,117.57,43.14,156,6.1,20082,1656,214.02,0,0,1000.0
M1989,Movie_0989,2022,Horror,English,R,DreamWorks India,21.43,8.96,113,5.5,9407,2341,53.64,0,0,342.18
M1990,Movie_0990,2014,Animation,Hindi,UA,BlueSky Films,39.68,6.59,156,7.0,554760,1744,89.1,0,0,570.31
M1991,Movie_0991,2013,Animation,Spanish,UA,CineStar,28.24,4.28,137,7.7,17056,1274,46.09,0,0,388.5
M1992,Movie_0992,2015,Romance,Spanish,R,Nova Entertainment,13.38,3.48,103,6.0,2703,1196,38.84,0,0,237.79
M1993,Movie_0993,2020,Drama,English,PG-13,Global Pictures,42.65,18.26,135,5.5,15017,2791,116.38,1,0,646.15
M1994,Movie_0994,2017,Romance,English,A,CineStar,41.58,12.43,90,6.7,36288,1601,56.85,1,0,416.69
M1995,Movie_0995,2012,Animation,Hindi,PG-13,Prime Motion,120.35,35.39,139,6.7,172330,2677,276.13,0,0,1000.0
M1996,Movie_0996,2019,Drama,Hindi,PG-13,Alpha Studios,67.81,11.3,144,7.3,8122,2452,74.22,1,0,602.7
M1997,Movie_0997,2023,Comedy,Hindi,R,Global Pictures,23.13,2.78,117,7.7,2125,401,37.26,0,0,389.15
M1998,Movie_0998,2025,Drama,Korean,A,Prime Motion,150.18,58.17,130,6.7,54222,1183,174.92,1,0,1000.0
M1999,Movie_0999,2018,Animation,Telugu,R,Alpha Studios,99.52,14.82,163,8.5,2791,3051,156.71,0,1,989.84
M2000,Movie_1000,2021,Romance,English,UA,Nova Entertainment,65.7,21.62,119,7.0,9989,1689,100.18,0,1,731.76
M2001,Movie_1001,2014,Sci-Fi,English,UA,Global Pictures,38.84,16.38,109,6.5,12712,3037,100.46,0,0,564.11
M2002,Movie_1002,2012,Animation,Hindi,R,BlueSky Films,24.12,4.56,155,5.3,16385,2626,55.83,0,1,438.08
M2003,Movie_1003,2016,Animation,English,UA,Prime Motion,35.33,12.0,163,6.6,45638,2680,62.33,1,0,475.35
M2004,Movie_1004,2024,Horror,English,R,CineStar,91.32,13.33,128,6.5,7152,4580,210.42,0,0,893.62
M2005,Movie_1005,2015,Romance,English,U,CineStar,153.18,48.9,146,7.7,12439,2886,384.43,0,0,1000.0
M2006,Movie_1006,2021,Romance,English,UA,Prime Motion,122.7,21.36,152,7.2,17656,3577,215.65,0,0,1000.0
M2007,Movie_1007,2019,Romance,English,R,Prime Motion,32.75,11.88,115,5.7,22028,1546,53.13,0,0,428.67
M2008,Movie_1008,2012,Comedy,Tamil,UA,DreamWorks India,21.73,4.77,119,7.0,20541,3674,39.74,0,0,356.07
M2009,Movie_1009,2021,Comedy,English,R,Global Pictures,49.32,13.46,150,7.4,32426,4077,158.44,0,1,750.3
M2010,Movie_1010,2012,Animation,English,R,Global Pictures,14.26,4.53,158,8.2,56235,1658,38.85,1,1,454.92
M2011,Movie_1011,2023,Action,English,R,Prime Motion,55.52,9.8,138,7.6,30582,2685,109.98,1,0,701.8
M2012,Movie_1012,2015,Romance,English,A,Alpha Studios,40.88,14.91,112,7.5,33205,3342,84.87,1,0,495.25
M2013,Movie_1013,2019,Action,Spanish,A,Global Pictures,33.24,7.31,164,6.9,2126,1916,61.24,0,0,434.64
M2014,Movie_1014,2016,Thriller,Korean,R,CineStar,15.96,5.4,118,7.1,19262,1241,27.89,0,0,320.65
M2015,Movie_1015,2013,Sci-Fi,English,PG-13,Global Pictures,62.83,10.82,122,7.9,34387,3246,181.1,0,0,872.68
M2016,Movie_1016,2017,Thriller,Telugu,A,DreamWorks India,31.83,11.05,134,5.6,48155,2082,85.1,0,0,512.36
M2017,Movie_1017,2016,Thriller,English,R,DreamWorks India,21.04,3.41,156,6.5,7068,1955,42.13,0,0,333.27
M2018,Movie_1018,2013,Comedy,Spanish,PG-13,Prime Motion,6.96,1.81,143,6.1,7393,908,16.64,1,1,247.89
M2019,Movie_1019,2024,Sci-Fi,English,R,CineStar,44.2,8.91,135,7.1,8292,651,58.7,1,0,423.35
M2020,Movie_1020,2025,Action,English,U,CineStar,142.4,52.25,136,7.9,37133,3217,254.63,1,0,1000.0
M2021,Movie_1021,2022,Action,Hindi,U,CineStar,132.49,27.35,129,6.3,72683,3948,327.2,1,0,1000.0
M2022,Movie_1022,2022,Sci-Fi,Tamil,UA,Global Pictures,33.43,13.74,138,4.6,10384,1853,80.76,1,0,503.0
M2023,Movie_1023,2022,Action,English,UA,Global Pictures,30.42,12.6,82,6.4,61320,3167,72.59,1,1,609.14
M2024,Movie_1024,2014,Fantasy,Telugu,PG-13,BlueSky Films,61.03,11.28,123,7.6,21265,1690,96.23,0,0,576.31
M2025,Movie_1025,2020,Horror,English,UA,Nova Entertainment,23.52,7.59,132,7.3,15219,1063,63.37,0,1,424.71
M2026,Movie_1026,2018,Sci-Fi,Spanish,R,Prime Motion,54.75,8.16,107,7.2,13531,2247,114.57,0,1,715.24
M2027,Movie_1027,2018,Animation,English,UA,Nova Entertainment,74.04,18.45,135,6.5,49318,2407,147.42,0,0,760.81
M2028,Movie_1028,2022,Horror,Spanish,UA,Alpha Studios,99.9,35.5,124,5.6,27935,3531,173.74,0,0,911.66
M2029,Movie_1029,2017,Action,English,UA,Global Pictures,42.16,14.23,160,7.3,388672,1478,79.04,0,1,576.23
M2030,Movie_1030,2019,Sci-Fi,English,A,BlueSky Films,39.42,12.86,156,6.0,5696,3319,136.92,0,1,703.92
M2031,Movie_1031,2015,Adventure,Spanish,U,BlueSky Films,25.43,5.42,120,8.8,36227,3442,72.37,1,0,587.96
M2032,Movie_1032,2019,Romance,Spanish,U,DreamWorks India,26.29,6.43,125,7.3,8810,1892,54.61,1,1,478.18
M2033,Movie_1033,2015,Adventure,Hindi,PG-13,Global Pictures,38.84,5.98,127,6.3,5566,3204,95.35,0,1,557.77
M2034,Movie_1034,2019,Action,English,UA,BlueSky Films,57.14,20.41,120,6.2,17737,1325,139.31,0,0,647.19
M2035,Movie_1035,2020,Drama,English,UA,DreamWorks India,81.49,23.33,132,6.7,21667,3674,144.76,0,0,781.95
M2036,Movie_1036,2014,Adventure,English,PG-13,Alpha Studios,26.7,9.45,114,6.6,925103,2758,56.3,0,1,471.01
M2037,Movie_1037,2014,Romance,English,U,DreamWorks India,118.74,24.0,108,7.8,14038,3794,241.78,1,0,1000.0
M2038,Movie_1038,2022,Adventure,Hindi,UA,Alpha Studios,37.73,8.57,139,7.0,3914,2091,80.91,0,0,556.13
M2039,Movie_1039,2024,Comedy,English,U,Nova Entertainment,44.38,10.22,139,6.1,26021,300,92.4,0,0,443.75
M2040,Movie_1040,2013,Drama,Telugu,UA,Nova Entertainment,27.69,3.56,114,8.5,1093,1436,74.49,1,0,525.6
M2041,Movie_1041,2024,Animation,Telugu,PG-13,CineStar,9.31,2.16,144,6.8,15898,1103,20.76,1,0,344.64
M2042,Movie_1042,2021,Comedy,English,U,CineStar,79.94,30.78,117,7.5,18393,1523,111.83,0,1,718.98
M2043,Movie_1043,2014,Sci-Fi,Hindi,R,Prime Motion,72.65,30.23,133,6.3,52619,2603,194.81,0,0,904.43
M2044,Movie_1044,2014,Adventure,Hindi,R,DreamWorks India,37.48,10.91,143,7.1,67004,1741,75.23,0,0,504.57
M2045,Movie_1045,2016,Action,Hindi,U,Prime Motion,47.0,12.71,127,7.1,9120,1473,101.35,0,0,619.5
M2046,Movie_1046,2016,Comedy,English,R,CineStar,62.93,8.19,136,5.1,14688,1356,131.67,0,0,562.71
M2047,Movie_1047,2013,Comedy,Hindi,UA,Global Pictures,16.3,6.68,119,8.6,6398,1207,37.42,0,0,395.9
M2048,Movie_1048,2023,Drama,English,U,DreamWorks India,31.91,3.97,124,8.0,3925,2944,72.51,0,0,496.96
M2049,Movie_1049,2021,Comedy,English,U,BlueSky Films,75.41,32.56,124,6.4,27350,1826,182.47,0,0,806.89
M2050,Movie_1050,2024,Sci-Fi,Telugu,UA,Global Pictures,19.91,5.6,115,5.8,3225,1416,60.4,0,0,439.04
M2051,Movie_1051,2017,Action,Telugu,A,Prime Motion,54.46,12.68,125,7.1,10284,1876,122.85,1,0,710.42
M2052,Movie_1052,2016,Comedy,English,UA,DreamWorks India,18.63,7.92,100,6.9,4696,2009,46.22,0,0,382.29
M2053,Movie_1053,2017,Comedy,Hindi,PG-13,Prime Motion,60.94,7.8,119,7.1,37805,2816,84.34,0,1,619.65
M2054,Movie_1054,2012,Horror,Spanish,PG-13,Nova Entertainment,43.97,13.71,123,7.0,204854,300,50.47,1,0,465.56
M2055,Movie_1055,2016,Fantasy,English,UA,Alpha Studios,15.75,4.74,123,7.3,3105,2399,46.46,0,0,419.34
M2056,Movie_1056,2020,Drama,Korean,PG-13,Prime Motion,95.94,18.46,124,8.1,1475,4220,177.77,1,0,903.47
M2057,Movie_1057,2023,Fantasy,Telugu,R,CineStar,27.92,7.3,127,7.3,15207,1113,76.99,0,0,484.91
M2058,Movie_1058,2021,Animation,Telugu,U,CineStar,26.58,8.91,137,5.9,18385,1161,73.17,0,0,507.87
M2059,Movie_1059,2025,Action,English,UA,CineStar,51.27,18.45,144,8.0,24180,1854,120.8,0,0,687.06
M2060,Movie_1060,2013,Adventure,English,UA,DreamWorks India,94.94,11.42,116,8.3,9853,1831,178.77,0,0,856.79
M2061,Movie_1061,2012,Comedy,Korean,UA,Global Pictures,23.25,9.98,106,9.5,13728,2036,48.23,0,0,437.8
M2062,Movie_1062,2025,Animation,English,UA,Alpha Studios,46.84,8.16,109,5.8,29562,452,121.35,0,1,642.19
M2063,Movie_1063,2021,Action,English,UA,CineStar,59.47,11.72,119,7.0,73328,1280,98.08,0,0,630.53
M2064,Movie_1064,2024,Comedy,Hindi,PG-13,Global Pictures,70.61,14.61,122,4.9,1285,4012,118.2,0,0,724.28
M2065,Movie_1065,2022,Comedy,English,A,Prime Motion,50.47,6.69,114,7.3,10938,1404,99.43,0,0,567.92
M2066,Movie_1066,2020,Action,Tamil,A,BlueSky Films,35.45,5.69,105,6.3,24023,3126,97.92,0,1,558.68
M2067,Movie_1067,2021,Animation,Hindi,U,Nova Entertainment,26.28,11.71,120,8.5,5212,2202,84.51,0,1,609.01
M2068,Movie_1068,2020,Thriller,Korean,UA,BlueSky Films,47.59,10.66,131,6.1,186317,579,50.55,0,0,354.82
M2069,Movie_1069,2020,Animation,Tamil,UA,Alpha Studios,22.42,3.54,139,5.3,7633,2328,79.63,0,0,479.0
M2070,Movie_1070,2017,Romance,English,UA,CineStar,6.74,1.05,118,6.4,17024,1302,18.51,0,0,280.95
M2071,Movie_1071,2019,Horror,English,R,BlueSky Films,59.77,21.36,121,5.0,38130,1921,69.24,1,0,527.52
M2072,Movie_1072,2025,Comedy,Telugu,UA,Nova Entertainment,80.98,32.56,111,7.5,8102,2803,205.12,0,0,949.4
M2073,Movie_1073,2022,Adventure,English,U,Global Pictures,9.69,1.98,127,4.9,1488,1789,38.36,1,0,421.33
M2074,Movie_1074,2024,Comedy,Spanish,UA,Global Pictures,23.34,2.96,113,6.8,10091,2407,50.93,0,0,348.51
M2075,Movie_1075,2012,Drama,Telugu,PG-13,BlueSky Films,67.3,13.03,138,4.9,72248,3605,153.09,0,1,694.24
M2076,Movie_1076,2021,Comedy,English,PG-13,Prime Motion,171.41,23.77,96,6.5,11422,3586,409.25,0,1,1000.0
M2077,Movie_1077,2015,Adventure,Korean,UA,Prime Motion,45.61,7.03,122,8.3,5741,965,109.01,0,0,639.49
M2078,Movie_1078,2012,Action,English,UA,CineStar,28.04,7.36,133,7.1,62804,1575,70.0,0,0,493.61
M2079,Movie_1079,2019,Thriller,English,UA,Nova Entertainment,39.96,7.83,131,6.0,11517,4706,128.96,0,1,663.95
M2080,Movie_1080,2012,Comedy,Telugu,A,Alpha Studios,109.98,31.92,176,6.8,9039,3566,309.32,0,0,1000.0
M2081,Movie_1081,2014,Horror,Korean,R,CineStar,29.57,6.02,134,6.8,22024,3900,90.06,0,0,472.04
M2082,Movie_1082,2024,Drama,English,A,DreamWorks India,26.77,11.52,110,7.2,50952,3035,41.9,0,0,406.36
M2083,Movie_1083,2015,Thriller,English,PG-13,BlueSky Films,32.88,13.78,126,5.6,448399,2235,86.24,0,0,468.47
M2084,Movie_1084,2019,Drama,English,UA,DreamWorks India,24.22,7.44,96,7.3,54989,2116,63.98,0,0,464.27
M2085,Movie_1085,2017,Drama,English,UA,BlueSky Films,48.74,11.55,127,4.4,86155,2210,81.02,0,0,478.13
M2086,Movie_1086,2025,Thriller,English,PG-13,Alpha Studios,129.37,31.8,113,6.2,9091,828,242.19,0,0,1000.0
M2087,Movie_1087,2021,Romance,English,UA,CineStar,55.52,14.21,144,6.4,4506,2335,83.55,1,0,540.77
M2088,Movie_1088,2023,Action,Hindi,R,Nova Entertainment,38.19,13.75,118,7.4,19580,3157,90.64,0,0,527.05
M2089,Movie_1089,2018,Adventure,Korean,UA,Prime Motion,37.23,10.02,126,6.8,20802,1583,103.54,0,0,554.97
M2090,Movie_1090,2025,Sci-Fi,English,U,Prime Motion,16.29,6.56,117,5.5,4197,1994,40.74,0,1,392.44
M2091,Movie_1091,2019,Sci-Fi,English,PG-13,CineStar,79.89,34.48,159,5.9,14206,3424,150.51,1,0,870.3
M2092,Movie_1092,2013,Drama,Tamil,U,BlueSky Films,42.78,9.88,122,7.0,30859,1363,117.65,0,0,554.58
M2093,Movie_1093,2024,Drama,Telugu,UA,Prime Motion,40.02,12.21,161,6.7,29279,1741,75.61,0,0,462.12
M2094,Movie_1094,2021,Horror,Spanish,UA,Global Pictures,300.0,45.41,143,6.3,35557,2063,457.43,1,0,1000.0
M2095,Movie_1095,2025,Comedy,English,PG-13,DreamWorks India,54.64,10.17,137,6.4,26660,1532,101.96,0,0,569.8
M2096,Movie_1096,2022,Romance,English,UA,Nova Entertainment,27.61,7.08,135,7.4,9078,921,51.09,0,0,319.01
M2097,Movie_1097,2019,Action,English,U,Nova Entertainment,34.11,6.41,135,6.3,8994,1296,80.86,1,0,494.88
M2098,Movie_1098,2014,Fantasy,Hindi,A,Prime Motion,94.93,38.85,93,6.7,3567,4190,242.84,0,0,1000.0
M2099,Movie_1099,2018,Sci-Fi,English,UA,CineStar,48.44,8.34,123,8.8,200300,1401,80.53,1,0,602.4
M2100,Movie_1100,2014,Horror,Hindi,R,CineStar,17.67,4.78,143,5.5,18329,1831,60.33,1,0,387.35
M2101,Movie_1101,2018,Animation,English,UA,BlueSky Films,81.79,26.16,127,5.1,13287,2028,164.1,1,0,846.69
M2102,Movie_1102,2025,Adventure,English,PG-13,Global Pictures,29.15,10.15,103,7.5,5137,2925,71.16,0,0,474.63
M2103,Movie_1103,2022,Comedy,Hindi,UA,DreamWorks India,152.06,37.47,127,6.2,947199,4582,340.48,0,0,1000.0
M2104,Movie_1104,2023,Horror,English,PG-13,Global Pictures,90.8,36.94,159,6.5,4226,3548,228.45,0,0,991.17
M2105,Movie_1105,2024,Horror,Hindi,PG-13,Nova Entertainment,33.65,10.35,150,6.1,10088,2301,68.58,0,0,470.97
M2106,Movie_1106,2013,Comedy,English,R,Global Pictures,103.47,27.42,127,6.6,31555,2453,111.92,0,0,687.62
M2107,Movie_1107,2021,Horror,English,U,Prime Motion,47.03,6.69,145,8.2,40473,1139,62.73,0,0,517.7
M2108,Movie_1108,2017,Sci-Fi,English,UA,BlueSky Films,78.33,21.41,121,7.5,65600,4536,126.73,0,0,751.75
M2109,Movie_1109,2014,Action,English,PG-13,Global Pictures,61.67,24.1,97,7.6,206570,1640,102.43,0,0,693.58
M2110,Movie_1110,2014,Comedy,English,U,DreamWorks India,25.96,8.38,111,5.5,35647,2437,69.9,0,0,410.96
M2111,Movie_1111,2020,Sci-Fi,Hindi,UA,Nova Entertainment,29.62,11.69,156,5.8,4326,2840,46.16,1,0,457.78
M2112,Movie_1112,2018,Drama,Tamil,R,Alpha Studios,87.89,24.88,123,4.2,12724,2010,194.66,1,1,849.26
M2113,Movie_1113,2016,Horror,English,UA,Nova Entertainment,36.2,5.76,124,6.1,27274,2968,75.38,1,1,598.55
M2114,Movie_1114,2023,Drama,English,R,Alpha Studios,34.62,4.31,123,7.7,293675,2704,75.77,0,0,425.25
M2115,Movie_1115,2021,Fantasy,Spanish,U,DreamWorks India,24.19,5.32,162,7.3,2727,3215,64.03,1,0,485.57
M2116,Movie_1116,2018,Action,English,PG-13,Nova Entertainment,59.26,20.76,157,6.6,91272,1904,91.02,1,0,585.88
M2117,Movie_1117,2020,Drama,English,A,Nova Entertainment,171.97,65.48,168,6.8,22948,1457,406.92,0,0,1000.0
M2118,Movie_1118,2012,Action,English,UA,Nova Entertainment,22.48,4.89,125,6.2,55781,1467,35.11,0,0,396.19
M2119,Movie_1119,2018,Action,Telugu,R,Nova Entertainment,45.71,12.96,133,7.0,15684,2397,84.09,0,0,545.24
M2120,Movie_1120,2017,Comedy,English,U,BlueSky Films,112.69,29.18,101,7.5,5772,2833,285.37,0,1,1000.0
M2121,Movie_1121,2021,Action,Hindi,R,CineStar,42.73,10.92,155,5.3,49602,1822,97.18,0,0,574.42
M2122,Movie_1122,2025,Fantasy,English,PG-13,Nova Entertainment,60.38,11.86,107,7.1,43547,518,85.96,0,0,567.48
M2123,Movie_1123,2023,Fantasy,English,UA,BlueSky Films,22.56,3.72,132,7.6,66863,2207,49.86,1,0,446.54
M2124,Movie_1124,2020,Comedy,English,R,DreamWorks India,59.45,10.99,108,6.4,17679,4261,164.59,0,0,770.02
M2125,Movie_1125,2012,Horror,Telugu,UA,Nova Entertainment,39.85,5.51,117,7.4,8009,2539,119.21,0,1,607.81
M2126,Movie_1126,2024,Drama,Hindi,PG-13,Global Pictures,85.4,15.83,113,9.3,2194,3225,235.88,1,1,1000.0
M2127,Movie_1127,2015,Sci-Fi,English,UA,Nova Entertainment,97.36,11.98,117,6.7,54408,3293,161.51,0,1,927.48
M2128,Movie_1128,2020,Horror,English,R,Prime Motion,242.23,79.21,118,7.2,31900,3895,500.0,1,0,1000.0
M2129,Movie_1129,2015,Action,Hindi,A,Nova Entertainment,65.59,14.72,118,6.1,4886,3338,93.4,0,0,637.92
M2130,Movie_1130,2021,Sci-Fi,Tamil,U,Alpha Studios,55.61,24.53,143,7.0,8699,2694,62.49,1,0,584.41
M2131,Movie_1131,2014,Romance,English,A,Global Pictures,51.06,9.39,108,7.2,9585,1980,122.42,0,0,624.34
M2132,Movie_1132,2020,Drama,Hindi,UA,Nova Entertainment,35.77,8.37,132,7.0,2431,1400,47.29,0,0,397.06
M2133,Movie_1133,2024,Thriller,English,UA,Nova Entertainment,56.07,13.35,150,5.9,5968,2087,79.05,0,0,575.38
M2134,Movie_1134,2013,Thriller,English,UA,Nova Entertainment,37.14,4.56,119,7.0,3895,2366,53.33,0,0,459.63
M2135,Movie_1135,2015,Drama,English,U,BlueSky Films,50.21,19.93,115,8.1,10314,1968,103.26,1,0,646.95
M2136,Movie_1136,2017,Horror,Telugu,UA,DreamWorks India,105.96,13.83,124,7.2,6640,3075,240.34,0,0,1000.0
M2137,Movie_1137,2013,Fantasy,English,UA,Alpha Studios,23.39,10.06,149,7.7,2001,2203,51.81,1,0,464.22
M2138,Movie_1138,2019,Animation,Tamil,UA,Nova Entertainment,94.4,39.12,131,6.6,276129,3550,150.99,0,0,900.54
M2139,Movie_1139,2019,Comedy,Telugu,UA,DreamWorks India,105.93,31.43,118,7.5,97641,4155,210.38,0,0,1000.0
M2140,Movie_1140,2012,Adventure,Tamil,UA,Alpha Studios,41.68,12.48,137,7.1,6288,2227,117.02,1,0,715.3
M2141,Movie_1141,2023,Thriller,English,PG-13,Alpha Studios,11.33,3.8,108,5.9,26001,724,32.73,0,0,274.85
M2142,Movie_1142,2014,Romance,English,PG-13,Prime Motion,30.31,7.51,140,7.1,31625,1711,57.75,0,0,441.35
M2143,Movie_1143,2021,Action,Spanish,UA,Alpha Studios,104.55,34.88,135,5.9,89867,2765,283.75,1,1,1000.0
M2144,Movie_1144,2020,Fantasy,Telugu,R,Nova Entertainment,44.34,5.98,122,6.2,5961,545,94.93,1,0,547.45
M2145,Movie_1145,2016,Romance,Tamil,A,BlueSky Films,23.5,3.24,113,7.0,78627,2932,53.44,1,0,416.87
M2146,Movie_1146,2017,Thriller,English,PG-13,Nova Entertainment,32.41,8.78,112,7.1,8590,2144,52.93,1,0,446.17
M2147,Movie_1147,2015,Action,English,UA,Nova Entertainment,77.72,23.42,138,5.7,2965,2915,119.4,0,1,710.99
M2148,Movie_1148,2021,Drama,Telugu,U,DreamWorks India,64.2,26.51,150,7.7,47844,3747,153.54,1,0,813.33
M2149,Movie_1149,2013,Romance,English,R,CineStar,38.53,5.95,117,7.3,102811,1570,60.94,0,0,376.51
M2150,Movie_1150,2022,Drama,Hindi,PG-13,CineStar,35.45,13.88,136,6.2,592321,2559,77.88,1,0,560.0
M2151,Movie_1151,2019,Horror,English,U,Prime Motion,34.88,6.6,90,5.4,3563,1971,44.05,0,0,359.63
M2152,Movie_1152,2022,Sci-Fi,English,UA,CineStar,24.71,6.18,117,6.7,46243,1751,77.24,0,0,465.17
M2153,Movie_1153,2024,Comedy,English,PG-13,DreamWorks India,128.59,28.87,127,6.4,10351,1956,211.6,0,0,969.46
M2154,Movie_1154,2017,Sci-Fi,English,PG-13,Global Pictures,36.49,9.2,112,6.9,51826,3510,117.69,0,1,673.44
M2155,Movie_1155,2016,Adventure,English,R,Prime Motion,99.27,16.84,111,6.5,2472,2269,249.02,0,1,1000.0
M2156,Movie_1156,2020,Animation,Hindi,U,DreamWorks India,120.97,34.62,116,5.0,3272,3623,144.1,1,0,912.47
M2157,Movie_1157,2012,Action,English,UA,Alpha Studios,86.1,33.11,133,6.5,6315,602,149.67,1,0,810.5
M2158,Movie_1158,2016,Comedy,English,U,Nova Entertainment,33.99,9.03,125,6.5,20024,3041,67.43,0,0,473.8
M2159,Movie_1159,2017,Comedy,Korean,UA,Global Pictures,58.5,16.49,88,7.4,7575,3360,153.92,1,1,813.33
M2160,Movie_1160,2016,Sci-Fi,English,U,Alpha Studios,44.3,17.72,90,6.2,43820,2278,100.14,0,0,563.71
M2161,Movie_1161,2017,Horror,English,R,Prime Motion,25.01,8.83,117,8.3,72000,1723,37.05,0,1,375.76
M2162,Movie_1162,2017,Comedy,Telugu,UA,Nova Entertainment,55.56,15.66,136,5.1,40439,2698,92.76,0,0,516.36
M2163,Movie_1163,2018,Horror,Korean,PG-13,Nova Entertainment,20.91,4.29,80,8.0,160089,3517,70.35,1,0,505.43
M2164,Movie_1164,2015,Action,English,U,Prime Motion,97.38,40.12,119,6.6,31555,743,239.19,0,1,1000.0
M2165,Movie_1165,2025,Adventure,English,UA,Alpha Studios,33.27,10.33,119,7.6,3481,2692,83.44,0,0,515.05
M2166,Movie_1166,2022,Horror,Hindi,UA,DreamWorks India,51.29,9.9,153,6.9,113400,1425,133.31,0,0,639.44
M2167,Movie_1167,2025,Horror,English,UA,CineStar,54.1,11.3,121,7.8,7951,2284,99.9,0,0,601.28
M2168,Movie_1168,2025,Sci-Fi,Telugu,PG-13,Global Pictures,38.03,14.64,135,6.5,61524,1895,58.3,0,0,530.44
M2169,Movie_1169,2025,Comedy,Spanish,UA,Prime Motion,65.89,8.87,131,5.8,150643,1996,176.88,0,0,732.28
M2170,Movie_1170,2019,Romance,Spanish,UA,Prime Motion,33.05,14.79,90,8.1,33344,2027,47.06,0,0,519.41
M2171,Movie_1171,2018,Romance,English,U,Nova Entertainment,79.28,12.92,142,6.7,2388,1358,206.56,0,0,866.53
M2172,Movie_1172,2020,Fantasy,English,U,BlueSky Films,18.76,7.18,132,7.0,5211,2512,42.97,1,1,439.91
M2173,Movie_1173,2018,Adventure,Spanish,PG-13,Nova Entertainment,48.85,12.23,137,7.9,107348,597,55.08,0,1,499.83
M2174,Movie_1174,2014,Drama,English,UA,CineStar,158.69,44.82,190,5.9,14325,3680,347.52,0,0,1000.0
M2175,Movie_1175,2014,Horror,English,PG-13,Nova Entertainment,23.49,9.64,90,7.3,20041,1620,75.77,0,0,457.67
M2176,Movie_1176,2019,Fantasy,Telugu,PG-13,BlueSky Films,28.97,7.42,159,6.3,50138,1026,78.97,1,0,475.47
M2177,Movie_1177,2016,Adventure,English,U,Prime Motion,62.85,18.69,123,6.7,46081,2589,95.75,1,0,621.96
M2178,Movie_1178,2015,Drama,English,U,DreamWorks India,50.57,6.89,133,6.9,26226,822,61.36,1,0,424.28
M2179,Movie_1179,2019,Comedy,Korean,PG-13,Nova Entertainment,56.52,6.83,127,5.4,13580,2366,120.96,0,1,651.93
M2180,Movie_1180,2017,Drama,English,PG-13,Global Pictures,61.85,12.42,120,6.1,11802,995,130.14,1,1,674.34
M2181,Movie_1181,2013,Adventure,English,UA,DreamWorks India,67.98,23.43,118,8.0,57313,2899,175.13,0,0,932.76
M2182,Movie_1182,2015,Action,English,U,BlueSky Films,92.57,14.81,134,7.6,38003,1638,121.04,0,0,658.49
M2183,Movie_1183,2023,Drama,Hindi,U,Alpha Studios,58.74,9.25,101,6.7,12717,1917,158.81,0,0,688.97
M2184,Movie_1184,2022,Comedy,English,UA,Nova Entertainment,38.47,9.83,142,7.0,77573,2369,95.92,0,0,535.55
M2185,Movie_1185,2015,Adventure,English,U,Prime Motion,69.67,23.26,121,6.5,15122,1678,163.26,1,0,825.23
M2186,Movie_1186,2017,Comedy,Hindi,UA,Prime Motion,154.72,54.92,108,8.0,5700,2924,292.92,1,0,1000.0
M2187,Movie_1187,2017,Action,Tamil,UA,DreamWorks India,41.28,7.39,120,6.6,6460,819,68.99,0,0,463.68
M2188,Movie_1188,2012,Fantasy,English,U,Nova Entertainment,23.88,3.49,151,7.0,4802,2362,72.82,0,0,507.15
M2189,Movie_1189,2025,Drama,Tamil,U,Global Pictures,92.41,39.77,118,7.8,12461,4535,211.45,0,1,1000.0
M2190,Movie_1190,2019,Sci-Fi,English,R,Nova Entertainment,41.61,8.57,134,6.1,95192,4621,140.2,0,0,676.11
M2191,Movie_1191,2017,Comedy,Hindi,A,DreamWorks India,10.96,4.4,115,8.2,6070,1603,35.46,0,0,282.19
M2192,Movie_1192,2014,Thriller,English,R,CineStar,78.06,31.61,142,5.4,23215,3338,194.27,1,1,909.12
M2193,Movie_1193,2025,Drama,English,UA,DreamWorks India,31.78,11.91,140,8.3,7417,547,65.68,1,1,490.4
M2194,Movie_1194,2020,Drama,Telugu,PG-13,BlueSky Films,42.43,7.46,161,6.5,12666,3500,66.39,0,0,511.69
M2195,Movie_1195,2013,Drama,English,UA,DreamWorks India,55.84,21.84,125,6.6,2343,3059,85.41,1,0,633.93
M2196,Movie_1196,2022,Romance,English,A,Prime Motion,50.93,19.04,140,5.1,13365,1819,67.61,0,1,550.3
M2197,Movie_1197,2019,Drama,English,U,Global Pictures,71.36,22.62,130,6.4,13858,3718,122.96,0,0,645.2
M2198,Movie_1198,2021,Animation,Hindi,U,DreamWorks India,33.91,7.84,151,5.9,37328,1836,53.2,0,0,468.54
M2199,Movie_1199,2014,Action,English,R,DreamWorks India,62.81,12.98,115,6.3,24332,1943,100.87,0,0,615.15
M2200,Movie_1200,2024,Horror,English,A,Global Pictures,38.01,6.09,141,6.7,3569,2519,85.86,1,1,577.4
